Age,Monthly_Usage,Subscription_Type,Customer_Support_Calls,Churn
56.0,34.34554604886971,Basic,7.0,1.0
,19.04666255134012,Basic,8.0,1.0
,22.957067576169997,Basic,4.0,0.0
60.0,43.60938142652176,,9.0,1.0
25.0,5.406368185829761,Premium,8.0,0.0
,31.478568500327246,Premium,1.0,1.0
56.0,31.94212910450484,Basic,8.0,1.0
36.0,22.84968993546029,Basic,3.0,0.0
40.0,15.666253569875128,VIP,5.0,0.0
28.0,15.5603317217698,VIP,5.0,1.0
28.0,44.76693513473386,Basic,5.0,1.0
41.0,24.89109682022859,Premium,1.0,0.0
53.0,19.89002133451274,Premium,6.0,
57.0,25.194990822413136,,5.0,0.0
41.0,35.12256806567126,Basic,0.0,0.0
,11.559045571013826,Premium,1.0,
39.0,25.224522584618196,VIP,6.0,0.0
19.0,31.454796699967414,VIP,0.0,0.0
41.0,,,0.0,0.0
,16.363750193393866,,0.0,1.0
47.0,21.16628365623105,Basic,7.0,0.0
55.0,22.07113654650907,Premium,3.0,1.0
19.0,32.24921709401973,Premium,,1.0
38.0,,Premium,1.0,1.0
50.0,29.008036638486303,VIP,0.0,0.0
29.0,40.180564843026325,Basic,9.0,0.0
,36.74235173504916,Premium,8.0,
61.0,25.08658909306635,Basic,,1.0
42.0,43.8897279953376,Premium,3.0,0.0
,30.11631123172383,VIP,5.0,1.0
59.0,29.295762777599563,VIP,1.0,1.0
45.0,6.538449467262118,Basic,6.0,0.0
33.0,,VIP,1.0,1.0
32.0,10.533686383833203,VIP,9.0,0.0
64.0,15.400891059244097,Basic,7.0,0.0
61.0,7.326357675868714,Premium,7.0,1.0
20.0,33.800133507661116,VIP,0.0,0.0
54.0,15.111552963770599,Basic,7.0,0.0
24.0,,VIP,1.0,
38.0,8.985001290045862,VIP,5.0,1.0
26.0,9.648903070580705,VIP,0.0,1.0
56.0,31.310181519916494,VIP,4.0,1.0
35.0,35.969353963996795,Basic,6.0,0.0
21.0,22.882054480898045,Basic,,0.0
42.0,26.595368671643296,Basic,0.0,1.0
31.0,35.86854811923428,VIP,1.0,1.0
26.0,5.782090558346583,VIP,,0.0
43.0,19.540879568162534,,5.0,1.0
19.0,48.78939866316559,Basic,2.0,1.0
,31.105050336296063,VIP,9.0,1.0
45.0,16.440106095387197,Premium,1.0,1.0
64.0,28.47785209862959,VIP,9.0,1.0
24.0,20.41940696544119,Premium,3.0,0.0
61.0,28.95102449718346,VIP,,
25.0,10.658368031299197,Basic,6.0,
64.0,10.972159421867483,VIP,7.0,
52.0,11.459406291772678,Premium,1.0,0.0
,47.291890636707876,Premium,9.0,0.0
34.0,37.980451325360384,VIP,6.0,0.0
53.0,12.30718525980444,Premium,7.0,1.0
57.0,13.475708769452066,Premium,5.0,1.0
21.0,37.88732636918944,Basic,5.0,1.0
19.0,12.027373015647827,,9.0,1.0
23.0,15.55525820006729,VIP,0.0,0.0
59.0,48.35060747691796,VIP,3.0,0.0
21.0,16.488793612779432,Premium,0.0,1.0
46.0,34.7734557667016,VIP,3.0,1.0
35.0,49.03840793302387,VIP,1.0,1.0
43.0,21.84335452129067,Basic,4.0,1.0
61.0,5.788219588792801,Basic,9.0,0.0
51.0,15.986628069006843,Basic,8.0,1.0
27.0,42.38947361037675,Premium,9.0,0.0
,43.90739761797665,VIP,2.0,0.0
31.0,39.5833714035706,,7.0,0.0
48.0,10.089941858445787,,2.0,0.0
32.0,40.79796672633814,Basic,,1.0
25.0,46.34050086470769,VIP,3.0,1.0
,32.027429414580624,VIP,7.0,1.0
,47.33939103521292,VIP,5.0,1.0
57.0,42.207749767034485,Premium,7.0,0.0
38.0,35.01371826459083,Premium,0.0,0.0
33.0,30.973335652028666,Basic,5.0,0.0
62.0,20.685815025888672,VIP,0.0,1.0
35.0,12.16793503592623,Basic,0.0,0.0
64.0,,VIP,7.0,0.0
41.0,19.315019912815377,VIP,6.0,0.0
43.0,43.989740038744046,VIP,2.0,0.0
42.0,49.70016218113828,,5.0,1.0
62.0,,Premium,8.0,0.0
58.0,9.071676287917285,VIP,6.0,0.0
46.0,17.990851798878715,Basic,,1.0
32.0,,VIP,5.0,1.0
62.0,34.27302415062721,VIP,3.0,1.0
18.0,39.43358890501031,,2.0,0.0
42.0,46.65536738963203,VIP,8.0,0.0
24.0,24.717755588539443,Basic,9.0,0.0
26.0,45.56190423147999,Premium,1.0,0.0
41.0,44.50510215685974,Premium,,1.0
18.0,19.273807254442936,Basic,1.0,0.0
,44.1005281493257,Premium,6.0,0.0
25.0,21.905251334677693,Premium,,1.0
,18.359117355212636,Basic,,1.0
,34.20835964574769,,5.0,1.0
34.0,19.77715525482865,VIP,6.0,0.0
25.0,33.359393674811486,VIP,8.0,
52.0,32.44243124744125,Basic,7.0,0.0
52.0,30.354751730680647,Premium,5.0,0.0
50.0,22.118886690475897,VIP,,0.0
,29.682487474316453,VIP,7.0,1.0
,31.841846374343973,Premium,6.0,1.0
56.0,29.555909982296303,Premium,2.0,0.0
58.0,24.99887537380407,VIP,8.0,0.0
45.0,5.660017567081871,VIP,1.0,0.0
24.0,31.417776846551792,Basic,2.0,
26.0,12.579997331422383,Basic,1.0,0.0
25.0,33.915918602623535,VIP,0.0,1.0
29.0,39.17049475652897,Basic,3.0,1.0
,27.520038910883365,VIP,4.0,1.0
50.0,29.406364924088223,VIP,5.0,
,47.8165351849696,Basic,4.0,0.0
41.0,43.122531261765836,,0.0,1.0
54.0,46.14064321781615,Premium,2.0,
52.0,,Premium,0.0,0.0
,9.901325383102915,,4.0,1.0
57.0,11.704633518658762,VIP,4.0,1.0
,28.69807087710318,,5.0,0.0
44.0,16.07313464590992,VIP,7.0,1.0
52.0,26.451296376852163,Basic,9.0,1.0
18.0,,VIP,0.0,1.0
,29.723640729370402,Premium,3.0,0.0
54.0,38.60940722611202,,9.0,1.0
64.0,37.19709081946735,Premium,,1.0
31.0,28.455535961840045,VIP,8.0,1.0
20.0,42.00770384676761,,6.0,0.0
18.0,24.3887941192115,Basic,,0.0
22.0,45.35214304280551,Premium,4.0,1.0
43.0,8.207612152482376,Premium,6.0,0.0
31.0,47.959701351498836,Premium,1.0,1.0
56.0,,Premium,3.0,0.0
44.0,22.103352902174237,Basic,,0.0
26.0,13.87193569577948,VIP,,1.0
32.0,26.563245324961997,VIP,1.0,
32.0,13.755124543338544,VIP,9.0,1.0
43.0,12.484922348441398,VIP,,0.0
59.0,,Premium,0.0,1.0
30.0,28.53881260618031,Premium,4.0,0.0
49.0,35.15432155749238,Premium,5.0,0.0
56.0,,VIP,5.0,
49.0,28.95170960025681,Premium,8.0,0.0
,31.141942396825897,Premium,3.0,1.0
47.0,9.033185261972395,Basic,0.0,
54.0,37.29361036588833,Basic,5.0,1.0
,22.99573430618703,Premium,4.0,0.0
56.0,48.95263573981605,Basic,9.0,0.0
62.0,42.04283070180471,Basic,5.0,1.0
,28.511646823225323,Premium,2.0,0.0
60.0,10.545019437747472,Premium,1.0,
46.0,43.67371069762651,Premium,5.0,0.0
53.0,40.99014929408097,,0.0,0.0
30.0,13.306330829166484,VIP,6.0,0.0
49.0,18.28752301491395,VIP,6.0,1.0
24.0,40.70332661665268,Premium,9.0,1.0
39.0,13.335280094633434,,6.0,1.0
45.0,46.29886201271198,Premium,9.0,1.0
19.0,24.103734133836284,,0.0,1.0
59.0,8.91675331644464,Basic,,0.0
62.0,,VIP,6.0,0.0
23.0,21.807935736727444,Premium,8.0,1.0
45.0,,Premium,4.0,0.0
45.0,,VIP,1.0,0.0
61.0,5.116280668024207,,6.0,0.0
61.0,33.7093342606984,Basic,9.0,0.0
37.0,28.18288266501792,VIP,0.0,1.0
47.0,31.709235610541622,,6.0,0.0
28.0,40.71847326712324,VIP,5.0,1.0
45.0,34.097266104028705,Basic,,1.0
42.0,,VIP,9.0,0.0
56.0,21.23476335997699,VIP,2.0,1.0
50.0,45.76509971544922,,2.0,0.0
18.0,39.647511511325554,VIP,6.0,0.0
44.0,30.048667607152275,VIP,1.0,0.0
30.0,16.504024901417253,Basic,0.0,1.0
,18.592722582565777,Premium,8.0,
20.0,,Basic,8.0,1.0
56.0,43.30284173837469,VIP,6.0,0.0
23.0,35.21411012887765,VIP,6.0,0.0
25.0,,VIP,2.0,0.0
44.0,39.49952608401827,Basic,9.0,1.0
26.0,,VIP,1.0,0.0
54.0,,VIP,6.0,0.0
50.0,11.88427103728532,Basic,8.0,1.0
59.0,,Premium,0.0,1.0
,44.11668310929736,Premium,,1.0
41.0,26.280138453493198,VIP,5.0,0.0
32.0,29.09111458291974,Basic,6.0,0.0
49.0,13.030068435249746,VIP,9.0,0.0
49.0,19.052230372195822,,6.0,1.0
,15.361077579254147,Basic,9.0,
58.0,14.27837740332919,Premium,1.0,1.0
29.0,33.708235699218655,Premium,3.0,1.0
56.0,16.559773144057168,Basic,,0.0
19.0,33.44069687091883,VIP,0.0,0.0
20.0,,Premium,0.0,0.0
54.0,11.379847708719584,VIP,9.0,0.0
34.0,17.354311430005644,Premium,2.0,0.0
19.0,31.867111260306125,Premium,9.0,0.0
19.0,35.41285602893192,VIP,2.0,0.0
45.0,24.92226350507872,Premium,7.0,0.0
,25.060591155975303,Premium,8.0,1.0
54.0,37.60325831293781,VIP,0.0,
49.0,5.7119491294512095,Premium,1.0,0.0
50.0,20.349051101339924,Premium,9.0,1.0
18.0,41.84181757036547,Premium,1.0,0.0
36.0,32.144873459601754,VIP,,0.0
19.0,20.175220973993916,Basic,1.0,1.0
61.0,45.748615654835326,VIP,6.0,0.0
43.0,39.76802273522222,Basic,8.0,0.0
49.0,16.920295125653006,Premium,6.0,0.0
23.0,34.03804268865726,Basic,5.0,
,31.80878276850305,VIP,9.0,0.0
21.0,23.05345613175422,VIP,0.0,0.0
28.0,21.51302356421603,Premium,9.0,0.0
34.0,20.46022136490668,Basic,8.0,1.0
55.0,32.77201025280411,Premium,4.0,
41.0,,,,0.0
22.0,42.43384009631399,VIP,5.0,1.0
51.0,35.132117726028284,Basic,8.0,0.0
23.0,8.146922256924537,Basic,7.0,
39.0,33.807570072267474,,7.0,0.0
28.0,17.201634642508317,Basic,7.0,0.0
33.0,31.676539624404022,Premium,0.0,1.0
50.0,35.60593689965531,Premium,0.0,1.0
26.0,15.387313511930543,VIP,,1.0
23.0,25.55863901961659,Premium,4.0,1.0
33.0,13.564618826858052,Premium,8.0,0.0
46.0,7.355249410392874,VIP,1.0,1.0
20.0,22.03143905686411,,,0.0
37.0,21.33249223306964,,7.0,0.0
53.0,49.79662208169157,Premium,8.0,1.0
36.0,25.085855803893896,Premium,3.0,0.0
43.0,20.010629726249018,VIP,0.0,1.0
20.0,31.121375302250357,VIP,0.0,1.0
36.0,8.994532734849582,VIP,4.0,1.0
37.0,48.27495811796659,Premium,1.0,
49.0,33.573202051596496,Premium,7.0,1.0
24.0,38.96770189733815,Basic,9.0,0.0
58.0,12.671507217826289,Premium,4.0,1.0
50.0,23.426503385234174,Premium,4.0,1.0
57.0,24.02101010282853,Premium,1.0,0.0
56.0,41.981289975548904,VIP,6.0,1.0
35.0,,,7.0,1.0
57.0,18.538389875896478,VIP,9.0,0.0
18.0,49.155636845493675,Basic,,0.0
28.0,26.36989445777984,Basic,1.0,1.0
45.0,22.21368261098037,VIP,9.0,0.0
42.0,,VIP,,1.0
40.0,48.8374082882607,,4.0,0.0
48.0,,Premium,1.0,1.0
47.0,38.17311012532594,Basic,0.0,1.0
59.0,39.58699121548288,VIP,8.0,1.0
,15.964552222873998,Premium,,0.0
24.0,35.22012996258668,Basic,3.0,1.0
33.0,9.181811497072546,Premium,1.0,0.0
43.0,16.567126989443594,Basic,3.0,1.0
19.0,40.455589473151925,Premium,7.0,1.0
18.0,43.91087864150931,Basic,7.0,1.0
29.0,32.38188856969061,Basic,8.0,1.0
22.0,27.807729431921718,Premium,4.0,1.0
54.0,12.168680927854114,,6.0,0.0
49.0,7.839906488561757,Basic,2.0,
26.0,10.294206281310139,VIP,9.0,0.0
58.0,15.231078504324445,Premium,3.0,1.0
52.0,20.375352585361437,VIP,9.0,1.0
36.0,,VIP,8.0,0.0
33.0,20.58447958650516,VIP,9.0,1.0
20.0,15.757489948876952,VIP,9.0,1.0
37.0,27.937591103826417,VIP,0.0,1.0
41.0,42.13787487048036,Basic,1.0,0.0
50.0,17.586659231216565,Basic,4.0,0.0
41.0,47.40741585960049,Basic,2.0,
28.0,44.300149777573154,Premium,1.0,
25.0,12.279389510844933,VIP,0.0,0.0
53.0,,,9.0,1.0
,30.856432204299498,,,1.0
57.0,30.495891297713836,Basic,0.0,
37.0,22.59692433761785,Basic,0.0,1.0
,27.55188496319044,VIP,,0.0
42.0,22.873044984314497,Premium,7.0,0.0
52.0,29.28796784419743,VIP,,1.0
,33.257752374768614,VIP,0.0,0.0
46.0,,Basic,,1.0
35.0,28.96165366517418,,9.0,1.0
63.0,37.463993029792924,Premium,2.0,1.0
35.0,11.357512217397762,VIP,7.0,1.0
19.0,14.539212090600733,VIP,,0.0
,41.84307518334216,VIP,3.0,1.0
33.0,,Basic,4.0,0.0
58.0,6.030222123925411,Premium,5.0,
53.0,,Basic,6.0,
50.0,15.062649552334006,Basic,3.0,
,48.079529955256426,Basic,7.0,1.0
50.0,30.78686430188822,Basic,5.0,0.0
31.0,46.97288332143147,Basic,0.0,1.0
38.0,30.882350772348122,Premium,0.0,0.0
37.0,26.57094980620333,VIP,8.0,1.0
25.0,19.117746103734323,Basic,,1.0
24.0,32.286692499501896,Basic,5.0,1.0
20.0,11.263911107788843,Premium,9.0,0.0
34.0,45.421773228171766,Premium,7.0,1.0
50.0,42.31995823135777,VIP,,1.0
29.0,,Premium,5.0,
39.0,47.875888742058244,VIP,3.0,
39.0,42.134034533700564,Basic,6.0,1.0
,34.98380986257679,Basic,,0.0
47.0,10.479286000637366,VIP,9.0,0.0
55.0,26.520531037163252,Premium,9.0,1.0
55.0,,VIP,6.0,1.0
62.0,15.464811126442104,Premium,0.0,0.0
25.0,8.598442746168587,,9.0,
44.0,39.95256337122617,,8.0,0.0
,10.491577345597776,VIP,3.0,1.0
51.0,31.743083775279864,,2.0,1.0
38.0,,,,0.0
47.0,44.42473366691191,Premium,3.0,1.0
50.0,17.498868068716753,,9.0,0.0
45.0,43.31518868980694,Premium,1.0,
64.0,5.014962775422023,Basic,0.0,
,5.795951432596575,,9.0,1.0
22.0,32.11489237292892,VIP,0.0,
36.0,21.415919861503827,Premium,7.0,0.0
21.0,22.39073785216162,Basic,1.0,1.0
52.0,30.39984908054971,Premium,9.0,1.0
34.0,13.630210501633726,Premium,4.0,1.0
61.0,14.528990779946525,VIP,3.0,1.0
,26.80707141584891,Premium,7.0,1.0
47.0,38.941409495473835,VIP,1.0,1.0
46.0,32.87739881334144,VIP,9.0,
,18.38097717065775,Basic,8.0,
23.0,24.365172987901452,VIP,6.0,0.0
52.0,12.679914134749929,VIP,6.0,1.0
58.0,8.358341645168677,Basic,0.0,
54.0,40.22132183348671,VIP,1.0,
41.0,16.942433413468756,Basic,3.0,1.0
46.0,12.99948745330617,Premium,3.0,
63.0,36.12281250061937,Basic,2.0,0.0
48.0,32.81232534292337,VIP,6.0,1.0
52.0,33.493533170605886,,7.0,1.0
50.0,15.300257218097613,VIP,1.0,0.0
38.0,15.469049235320645,Premium,3.0,0.0
49.0,14.936118340353762,Basic,2.0,0.0
,12.818866804803253,Premium,1.0,1.0
50.0,34.507565265274536,VIP,5.0,1.0
20.0,43.160714836223065,VIP,3.0,1.0
35.0,,Premium,5.0,1.0
42.0,40.644213519224444,Basic,1.0,0.0
59.0,23.215929308833992,Basic,3.0,1.0
48.0,34.43341079173992,VIP,5.0,0.0
20.0,20.940630820014853,,4.0,1.0
57.0,28.6477079885888,Premium,2.0,1.0
63.0,26.673568094068806,Basic,7.0,0.0
41.0,12.959921531473448,Basic,6.0,1.0
49.0,22.41854421510339,,2.0,1.0
64.0,,Premium,5.0,0.0
39.0,16.186111597172392,Basic,,1.0
40.0,11.021168132576992,Basic,4.0,
19.0,23.836127973077087,VIP,4.0,0.0
44.0,40.565198113706664,Basic,6.0,0.0
59.0,31.196670340098752,Basic,4.0,0.0
,35.643867225721,Premium,2.0,1.0
43.0,13.536268167860474,Premium,,1.0
34.0,32.85266868534747,VIP,4.0,1.0
57.0,19.557517771016318,Basic,6.0,0.0
50.0,42.54365146796454,VIP,4.0,
26.0,33.31844627048313,Premium,4.0,1.0
60.0,13.948532499888316,VIP,8.0,1.0
56.0,7.907750592983876,Premium,2.0,1.0
46.0,6.918494417916473,VIP,5.0,0.0
59.0,21.713385544256333,,0.0,0.0
43.0,16.963301149444106,Basic,9.0,1.0
,34.07405555581286,VIP,4.0,0.0
42.0,,Basic,7.0,1.0
41.0,16.970867510242133,Basic,4.0,1.0
30.0,11.715700007757926,Basic,8.0,1.0
24.0,10.723989320935232,Basic,5.0,0.0
,43.909717646318796,VIP,7.0,1.0
62.0,15.956508578219026,Premium,9.0,0.0
37.0,34.32697915599357,Premium,7.0,0.0
18.0,41.48086675938198,Premium,2.0,1.0
25.0,32.63365900331313,VIP,6.0,0.0
63.0,43.68043542411256,Basic,6.0,0.0
33.0,22.657717468781353,Premium,9.0,1.0
,48.029998579202676,VIP,5.0,0.0
29.0,10.991525188014363,Basic,6.0,0.0
40.0,9.596728834589214,Premium,1.0,1.0
32.0,34.64114657933496,Basic,8.0,1.0
45.0,47.42740136359678,Premium,9.0,0.0
,41.399755773634766,Premium,9.0,1.0
19.0,8.438758674712314,Premium,0.0,1.0
49.0,17.57154712706224,Basic,0.0,0.0
40.0,46.86434981770206,VIP,2.0,0.0
39.0,16.387629476035304,,2.0,1.0
,40.15266907041136,Premium,0.0,0.0
39.0,42.13094881679167,Basic,6.0,1.0
,27.29534465574418,VIP,3.0,1.0
,22.385700943174196,Basic,9.0,0.0
23.0,25.255599458889183,VIP,,0.0
32.0,15.213411246441387,VIP,,1.0
60.0,45.02259122579799,Basic,4.0,1.0
54.0,25.277884552839105,Premium,5.0,
50.0,44.71067482052449,VIP,8.0,1.0
25.0,,,3.0,0.0
61.0,49.47238719500591,VIP,1.0,1.0
61.0,24.94728893496282,Premium,4.0,0.0
22.0,7.152386917734746,Basic,2.0,0.0
56.0,,Basic,1.0,1.0
21.0,38.57932658668274,Basic,0.0,0.0
23.0,34.656599039165634,,,0.0
62.0,41.095875115741435,VIP,1.0,1.0
49.0,9.741539027876268,Basic,5.0,0.0
47.0,6.600689016599675,VIP,7.0,0.0
64.0,,VIP,2.0,1.0
52.0,22.441785416724628,Premium,8.0,1.0
57.0,25.78761215019301,Basic,8.0,1.0
33.0,49.62147839916233,VIP,1.0,1.0
30.0,,,7.0,
59.0,47.404192535293674,Basic,9.0,1.0
47.0,40.27292045454532,,4.0,1.0
36.0,20.96786121156007,Basic,3.0,0.0
34.0,23.54589186182472,Basic,,0.0
,29.7327219673516,VIP,,1.0
45.0,42.374050538217794,Premium,3.0,0.0
,8.092077463322049,Basic,7.0,0.0
54.0,24.093359864819966,VIP,3.0,1.0
43.0,8.71779485566709,,9.0,0.0
40.0,28.15959139580802,Premium,5.0,1.0
26.0,45.45053708028059,VIP,1.0,0.0
29.0,40.2118216053772,VIP,4.0,1.0
18.0,15.252908789439948,,5.0,0.0
18.0,48.91958823194566,VIP,4.0,0.0
64.0,35.030767912089274,VIP,1.0,
51.0,5.469246472883138,Basic,6.0,1.0
49.0,16.493606810834876,Basic,3.0,
42.0,16.732098496396244,Premium,7.0,0.0
57.0,8.116443782863698,Basic,6.0,1.0
62.0,48.19219331341681,Basic,6.0,
18.0,26.52148825591657,Basic,8.0,0.0
33.0,45.31165688173469,VIP,0.0,0.0
56.0,19.499697655008276,,,0.0
22.0,,Premium,,0.0
39.0,,Premium,5.0,1.0
46.0,10.128048562144272,Premium,5.0,0.0
20.0,26.8706976339893,Basic,5.0,
29.0,46.41337315487335,Basic,9.0,1.0
43.0,28.434566382539572,VIP,6.0,0.0
33.0,32.74248771027875,Premium,9.0,0.0
54.0,12.048729663821373,Basic,5.0,0.0
39.0,6.968103164598627,,0.0,1.0
46.0,9.986358298091318,VIP,2.0,1.0
31.0,,VIP,1.0,0.0
45.0,9.27552645465371,VIP,5.0,0.0
22.0,,Basic,7.0,1.0
,29.75413732061702,Basic,,0.0
47.0,22.489375938343116,VIP,9.0,0.0
63.0,12.365771065938567,Premium,7.0,1.0
22.0,17.320608838134795,VIP,7.0,1.0
29.0,46.774288978185965,VIP,4.0,1.0
33.0,35.41920240138599,VIP,7.0,0.0
43.0,27.322152740594895,VIP,,0.0
43.0,,Basic,4.0,0.0
38.0,49.658693022026156,Premium,8.0,0.0
,,VIP,6.0,1.0
53.0,19.261511480522522,Premium,7.0,0.0
50.0,,Premium,0.0,0.0
47.0,16.629422913131812,Premium,1.0,1.0
54.0,29.480746063223823,VIP,7.0,1.0
40.0,33.62318436784213,Basic,8.0,0.0
,14.94785171541778,VIP,3.0,1.0
22.0,49.027877546026815,Premium,9.0,1.0
53.0,38.66863576905489,Premium,9.0,0.0
51.0,30.101595147998147,Basic,8.0,0.0
48.0,13.126756917888539,VIP,3.0,0.0
27.0,7.423619314911176,,9.0,0.0
36.0,19.402692463444254,Basic,,1.0
49.0,38.893430116103126,Premium,9.0,
18.0,,Basic,8.0,
22.0,29.28002992229773,Basic,6.0,0.0
62.0,37.757622952883445,VIP,1.0,
,9.857467159090895,Premium,,0.0
33.0,35.8384107252143,VIP,3.0,0.0
41.0,9.134189946952011,Premium,7.0,
33.0,48.430838395714844,VIP,6.0,0.0
19.0,26.977735852922283,Premium,6.0,
45.0,11.780424846944483,VIP,7.0,0.0
49.0,20.407263621509593,Basic,0.0,1.0
44.0,23.603740218286767,Premium,4.0,0.0
37.0,39.11832549844418,Premium,1.0,0.0
41.0,38.45407037344742,Basic,1.0,1.0
29.0,32.537322740179896,VIP,0.0,0.0
52.0,9.766882065132183,Premium,4.0,1.0
50.0,11.820621721445312,Premium,1.0,0.0
50.0,9.219061429050049,VIP,3.0,0.0
60.0,30.972775247939754,Basic,2.0,0.0
54.0,44.471229868013175,VIP,,0.0
29.0,24.52102305146473,VIP,1.0,
20.0,12.238167828098579,VIP,,1.0
18.0,30.111904631703517,Premium,1.0,1.0
50.0,41.528849758956945,Basic,7.0,0.0
57.0,,Basic,7.0,
27.0,44.66528508537596,,4.0,1.0
60.0,17.505594376199053,Premium,9.0,1.0
61.0,13.727924027049868,VIP,6.0,0.0
46.0,44.59174186738724,Premium,3.0,0.0
30.0,34.59021407501103,Premium,0.0,
29.0,18.99180185033994,Premium,1.0,0.0
48.0,38.405662275762914,Premium,9.0,1.0
63.0,41.68032730161656,Basic,9.0,0.0
19.0,32.67402081535096,Premium,3.0,1.0
52.0,35.954784944596184,Premium,0.0,1.0
40.0,21.886695699919983,VIP,7.0,0.0
34.0,29.24130503043676,VIP,8.0,1.0
43.0,28.587162682677302,Basic,3.0,0.0
25.0,43.162150600884736,VIP,9.0,0.0
,42.798379112698214,Premium,2.0,
43.0,42.47062112061695,VIP,1.0,0.0
27.0,5.496422641810961,Basic,4.0,1.0
43.0,38.72954680109997,VIP,2.0,0.0
51.0,39.140437554995216,VIP,9.0,0.0
58.0,,Basic,6.0,0.0
24.0,39.031909605115366,Basic,5.0,
21.0,42.888666717351896,Premium,0.0,1.0
62.0,26.164357434580353,VIP,7.0,0.0
28.0,27.59225960698012,Premium,1.0,1.0
46.0,10.612132561012572,VIP,4.0,1.0
53.0,22.341914737131283,VIP,8.0,1.0
42.0,33.95143309603029,Premium,7.0,0.0
,40.11798992662735,,1.0,0.0
53.0,14.774409396104474,VIP,8.0,0.0
27.0,11.202030462165594,,4.0,0.0
54.0,34.83689020252215,Basic,,1.0
26.0,5.0845947586209785,Premium,5.0,1.0
41.0,13.026766293829843,Basic,2.0,
52.0,6.308212115477918,,2.0,0.0
52.0,12.509830303469192,Premium,9.0,0.0
53.0,13.159367596647735,VIP,7.0,0.0
35.0,22.44531176376774,Premium,9.0,0.0
56.0,23.10472061089502,Basic,9.0,0.0
49.0,44.3418111774607,Basic,1.0,
,27.954937062447133,Basic,1.0,1.0
,37.55321445255288,Premium,4.0,1.0
49.0,9.686181106412935,Basic,5.0,1.0
54.0,15.144743995866223,Premium,,1.0
29.0,36.63245484404045,Basic,4.0,
30.0,7.376178221083764,Basic,6.0,0.0
40.0,26.89689480096889,Premium,9.0,0.0
,31.971603454832024,Basic,9.0,0.0
,32.09655398236165,VIP,,0.0
58.0,6.031976507061891,Premium,6.0,
47.0,19.494860190313346,Premium,7.0,0.0
,33.642079297211936,Premium,,1.0
37.0,11.704988126715955,VIP,4.0,0.0
42.0,36.2937041747624,Premium,4.0,1.0
39.0,38.566634396615356,Basic,9.0,0.0
30.0,49.18861357007654,Basic,3.0,1.0
36.0,14.442889768538423,Basic,,0.0
53.0,42.130880044975186,Premium,4.0,0.0
29.0,28.41334596133943,Basic,1.0,
,,,9.0,0.0
36.0,10.506954079633008,Basic,7.0,1.0
29.0,38.097752291939194,VIP,6.0,0.0
26.0,,VIP,7.0,1.0
24.0,21.713990084287058,VIP,2.0,0.0
45.0,7.81440021038158,VIP,3.0,1.0
31.0,,Premium,4.0,0.0
48.0,39.496483578723954,Basic,5.0,
36.0,38.012712351904064,VIP,0.0,1.0
64.0,18.474957972134902,Premium,3.0,0.0
33.0,12.806603341968076,VIP,9.0,0.0
22.0,33.68989690116034,,4.0,1.0
52.0,27.327487285094875,Premium,6.0,0.0
29.0,13.02136101070887,Premium,4.0,1.0
42.0,35.86600719724387,Basic,0.0,0.0
38.0,49.60068943195866,,6.0,1.0
53.0,38.6248814483917,VIP,7.0,1.0
40.0,38.29938740085253,VIP,6.0,1.0
33.0,47.76407388187663,Basic,3.0,1.0
56.0,14.132136540870599,Basic,7.0,0.0
62.0,30.449748421464818,Premium,4.0,0.0
59.0,49.08410217652475,Basic,9.0,1.0
56.0,12.438234993657854,Basic,8.0,0.0
31.0,36.511338175003445,VIP,9.0,0.0
48.0,31.361456568735587,Basic,4.0,0.0
22.0,31.391559148491815,VIP,0.0,1.0
52.0,36.39517823840338,Basic,8.0,0.0
40.0,46.832761529405786,Premium,4.0,
46.0,,,5.0,1.0
60.0,7.52612465372945,Basic,3.0,
28.0,43.37276089440701,Basic,5.0,1.0
35.0,15.149359846657967,VIP,7.0,1.0
64.0,21.96113741313674,Premium,2.0,1.0
29.0,25.777976612557197,Basic,4.0,0.0
26.0,26.640770033888135,VIP,1.0,0.0
27.0,,Premium,1.0,1.0
61.0,47.1808982397139,,,
34.0,36.770855344881106,VIP,9.0,1.0
55.0,,Premium,9.0,1.0
,7.24289125023237,Basic,9.0,1.0
63.0,45.676099861716864,VIP,5.0,
,45.92255864037783,VIP,3.0,0.0
57.0,,Basic,4.0,1.0
59.0,5.316314171612862,Basic,0.0,
26.0,7.577611298493051,Premium,6.0,
44.0,15.13506660208204,Premium,7.0,0.0
19.0,10.910723366520802,Premium,8.0,0.0
,22.947621336667826,,7.0,0.0
46.0,46.51803761395053,VIP,4.0,0.0
54.0,26.24271953886492,VIP,2.0,1.0
,5.603118189447453,Premium,9.0,0.0
36.0,17.72355603104429,Basic,8.0,
25.0,7.0067708767832695,VIP,5.0,1.0
62.0,6.632943017607597,Premium,4.0,1.0
18.0,17.407393389299852,VIP,2.0,1.0
39.0,17.402555240552545,VIP,5.0,1.0
34.0,40.42069711707218,Basic,2.0,1.0
24.0,48.86755937515004,,9.0,0.0
,21.70431922504992,VIP,5.0,0.0
62.0,,Premium,3.0,0.0
21.0,43.015524632870964,Basic,1.0,0.0
53.0,17.066255904298103,VIP,7.0,
,12.037181198155158,Basic,3.0,1.0
48.0,43.38903305316427,Basic,8.0,0.0
36.0,7.092526389802947,Basic,,0.0
61.0,32.8864748089737,VIP,1.0,0.0
56.0,30.289678136006305,Premium,3.0,1.0
44.0,20.56642013757624,Premium,4.0,
27.0,19.183528449381154,,2.0,1.0
,39.733597678172956,Basic,,
36.0,8.889107484314591,,4.0,0.0
56.0,15.655293919012342,Basic,1.0,0.0
20.0,37.96019293271404,Premium,2.0,0.0
62.0,29.67442626768909,,8.0,
30.0,10.759469384011387,VIP,6.0,1.0
45.0,44.69610264269271,Basic,,0.0
37.0,22.70515309536162,Premium,8.0,1.0
45.0,42.254076889497775,VIP,3.0,
,40.44708569874689,Basic,8.0,1.0
58.0,33.09914509122776,Basic,1.0,1.0
56.0,27.251650908279185,Premium,9.0,1.0
,49.07978781717906,Premium,3.0,1.0
20.0,11.523428257091766,Basic,4.0,0.0
30.0,37.632007739800166,Basic,1.0,0.0
45.0,,Premium,,0.0
42.0,20.221839739955676,Basic,0.0,1.0
50.0,18.891443451793787,Premium,,0.0
55.0,47.61661944824254,Basic,9.0,0.0
23.0,48.53102800047238,Premium,0.0,0.0
,13.235694990562722,,7.0,0.0
62.0,,Premium,2.0,1.0
,37.400361784840086,Premium,,1.0
62.0,23.809547024171795,VIP,5.0,0.0
64.0,,Basic,6.0,0.0
38.0,35.76893475096691,VIP,9.0,0.0
33.0,29.529748771731487,Premium,,
38.0,49.12325699004977,Basic,5.0,1.0
28.0,15.233427313762052,VIP,6.0,1.0
54.0,23.179004434694672,Basic,5.0,0.0
53.0,29.414561152794032,Basic,3.0,1.0
,40.626499480400824,VIP,0.0,1.0
36.0,29.69773955240264,Basic,8.0,1.0
37.0,32.58050723878772,VIP,3.0,1.0
35.0,15.176617321547333,Premium,6.0,1.0
64.0,43.11134276398519,Basic,6.0,0.0
58.0,24.288374613671408,Premium,1.0,0.0
31.0,11.343183238479618,Premium,0.0,0.0
32.0,,Basic,7.0,0.0
48.0,,VIP,7.0,1.0
18.0,,Basic,6.0,0.0
20.0,43.78941087819225,Premium,,0.0
33.0,25.707301901979786,Premium,2.0,
40.0,38.717767071309936,VIP,1.0,
28.0,18.07644019128598,Basic,6.0,0.0
29.0,40.41365607129499,Premium,7.0,1.0
27.0,10.037116715968864,Premium,,1.0
49.0,21.018801820768374,Premium,9.0,1.0
33.0,49.01278180880878,VIP,8.0,0.0
25.0,,Premium,3.0,1.0
55.0,27.37651686416097,Premium,3.0,0.0
29.0,20.28998622028483,,2.0,0.0
41.0,44.24610650101145,Basic,5.0,0.0
45.0,29.518149158803205,Premium,0.0,1.0
25.0,39.12912580411,Premium,5.0,1.0
45.0,38.934845614227385,,1.0,0.0
53.0,5.807555535582132,VIP,8.0,1.0
43.0,10.681420225667605,VIP,1.0,1.0
,34.6833214877634,VIP,6.0,1.0
45.0,,VIP,0.0,0.0
45.0,16.49720050950221,VIP,6.0,1.0
54.0,47.59870793898232,VIP,4.0,1.0
58.0,,VIP,7.0,
53.0,38.782827814970624,VIP,3.0,1.0
44.0,,Basic,9.0,0.0
34.0,29.863112665222634,VIP,6.0,1.0
,9.236835955656407,,5.0,1.0
50.0,20.46484366740964,VIP,4.0,1.0
37.0,17.709390440893028,Premium,3.0,1.0
30.0,22.582776452612595,Basic,6.0,1.0
45.0,40.92548847009477,Basic,,1.0
46.0,21.73697005625892,Basic,4.0,0.0
30.0,,VIP,0.0,1.0
63.0,22.882162571839242,VIP,,1.0
52.0,,Premium,4.0,1.0
23.0,24.84824712128527,Basic,2.0,0.0
,13.802417287003177,VIP,,0.0
22.0,13.402548309786866,Basic,3.0,0.0
64.0,9.231624699541985,Premium,3.0,1.0
42.0,21.050193836379414,Premium,,1.0
19.0,39.08668481552378,Premium,3.0,0.0
27.0,17.439876076252823,Basic,2.0,
,19.05570958484811,VIP,,0.0
62.0,33.92035959525906,VIP,8.0,1.0
22.0,13.812836566411349,Premium,4.0,0.0
50.0,45.363106869059045,VIP,3.0,1.0
18.0,28.40857354631995,Premium,1.0,1.0
35.0,25.142132314409764,Basic,1.0,1.0
49.0,30.101908636814063,Premium,4.0,0.0
,12.471544103728796,Basic,6.0,1.0
28.0,32.606291238762935,Premium,9.0,0.0
38.0,21.33953314853047,VIP,9.0,
43.0,45.373385343407854,VIP,8.0,0.0
42.0,12.598439300495876,Premium,6.0,0.0
39.0,27.81729967394485,VIP,4.0,1.0
,31.91506832160581,,9.0,1.0
30.0,6.502262080387155,VIP,9.0,1.0
,21.366190614026312,Basic,9.0,1.0
51.0,37.96858556153747,,5.0,0.0
58.0,41.9169878352038,Basic,2.0,0.0
52.0,,Premium,4.0,0.0
18.0,40.936697257223805,VIP,7.0,0.0
38.0,48.5490144696525,VIP,0.0,1.0
23.0,43.559327123379234,VIP,,0.0
45.0,10.293979467169635,Premium,,1.0
34.0,38.28786494384933,Basic,4.0,0.0
22.0,19.385007459824514,Basic,4.0,0.0
48.0,,,0.0,0.0
22.0,26.84115424219492,Premium,8.0,0.0
,10.509525426152347,Premium,0.0,1.0
20.0,37.633349661232586,,4.0,1.0
40.0,19.535503927379622,Premium,9.0,1.0
,,Premium,8.0,1.0
,49.090210603453485,Basic,3.0,0.0
,34.52603081092613,,7.0,0.0
27.0,10.842190202827291,Basic,5.0,1.0
36.0,35.90874489537631,VIP,2.0,1.0
34.0,9.186371890701224,Premium,3.0,0.0
38.0,6.321387159607655,VIP,1.0,0.0
31.0,42.033130079966874,Premium,0.0,1.0
26.0,14.438882645765661,Basic,7.0,1.0
63.0,22.056220679859383,VIP,0.0,1.0
18.0,48.805582548927795,Basic,0.0,
62.0,20.15782258374965,Premium,3.0,
30.0,18.34204015774919,Premium,9.0,1.0
21.0,46.31935998302488,Premium,9.0,1.0
18.0,9.983680039353114,Basic,5.0,1.0
57.0,39.18120845515843,Premium,8.0,1.0
,49.46295049937483,Basic,0.0,0.0
,45.558320484859195,VIP,6.0,1.0
45.0,34.325056341789164,Premium,9.0,0.0
48.0,19.132735774672938,,4.0,1.0
25.0,,Premium,7.0,1.0
56.0,41.866479719215754,VIP,6.0,1.0
43.0,44.59198612782629,Premium,3.0,0.0
51.0,28.644571064556178,Basic,3.0,0.0
20.0,15.995297335390976,Basic,,0.0
29.0,,Premium,5.0,1.0
18.0,8.923076052432403,Premium,8.0,
61.0,,VIP,4.0,0.0
22.0,23.905342753147625,VIP,7.0,0.0
47.0,45.741194342504166,VIP,4.0,1.0
47.0,38.28520853270437,Premium,1.0,
34.0,,VIP,5.0,1.0
64.0,32.61998384670646,VIP,8.0,0.0
40.0,24.59774544791717,Basic,2.0,
32.0,,VIP,0.0,0.0
54.0,38.213110550233274,Basic,0.0,1.0
38.0,41.278814645170584,Basic,2.0,1.0
31.0,42.96817968830259,VIP,9.0,0.0
19.0,16.428869355741114,Basic,4.0,1.0
28.0,6.400201996281096,Premium,2.0,1.0
56.0,38.26826308241479,Premium,8.0,1.0
55.0,,,7.0,1.0
51.0,19.171381487583545,Premium,2.0,
55.0,5.171771035595621,Basic,8.0,1.0
51.0,,Premium,5.0,1.0
35.0,,VIP,6.0,0.0
47.0,34.48770843612462,VIP,3.0,1.0
32.0,,Basic,3.0,1.0
44.0,8.270189222450732,VIP,1.0,1.0
51.0,8.468510537815732,Premium,4.0,0.0
55.0,20.31710417000037,VIP,7.0,0.0
50.0,43.98739314131039,Basic,6.0,1.0
41.0,,,6.0,1.0
,21.21700189686564,Premium,5.0,0.0
47.0,8.08274329821408,Basic,2.0,0.0
59.0,39.34198810665002,Premium,,
34.0,23.3737854241753,Basic,0.0,1.0
22.0,39.16619298773793,VIP,,1.0
,45.66235299560578,Basic,8.0,0.0
21.0,15.474341619557993,Basic,0.0,1.0
27.0,41.33282136529781,VIP,1.0,1.0
34.0,,Premium,2.0,1.0
27.0,45.44813246811113,VIP,2.0,1.0
34.0,34.284584640143635,Basic,7.0,1.0
37.0,44.34020258622582,VIP,6.0,1.0
41.0,5.008477980046186,Basic,5.0,
22.0,,VIP,9.0,0.0
51.0,22.539172434192142,,9.0,0.0
23.0,22.077630651862336,Premium,3.0,0.0
,15.20286723155798,Basic,8.0,0.0
30.0,22.172537294024004,Premium,,0.0
60.0,10.798192040011468,Basic,1.0,0.0
60.0,23.574250816971173,VIP,3.0,0.0
28.0,41.10594481216689,,2.0,
64.0,26.558152839650806,Premium,,0.0
40.0,5.810004002534674,Premium,4.0,1.0
33.0,23.964981871066133,Premium,6.0,1.0
48.0,6.222875724087987,Basic,1.0,0.0
28.0,48.48095348180592,Premium,4.0,1.0
33.0,10.735428174029103,Premium,5.0,1.0
25.0,36.845974684877845,Premium,6.0,0.0
,48.77493453014386,,,0.0
57.0,42.17175732499573,VIP,6.0,0.0
21.0,36.46919188067916,Basic,3.0,1.0
42.0,42.775740927534514,Basic,7.0,1.0
20.0,49.18094119672824,Premium,3.0,0.0
49.0,32.96050237640883,VIP,5.0,1.0
20.0,30.16331630731969,Premium,8.0,1.0
44.0,,Premium,,1.0
46.0,28.970414904269973,VIP,3.0,0.0
49.0,33.57900976593734,VIP,,1.0
36.0,25.242899358765165,VIP,8.0,1.0
38.0,14.82994322974882,Basic,3.0,1.0
22.0,10.411125193025404,Basic,2.0,1.0
,8.075342098951719,Premium,7.0,1.0
45.0,16.849210268894005,Basic,4.0,1.0
59.0,7.075560395108022,VIP,1.0,1.0
39.0,30.522685096372353,VIP,9.0,0.0
38.0,17.77228011605841,Basic,8.0,0.0
23.0,42.104066363916445,Premium,2.0,1.0
18.0,8.34083928447739,Premium,1.0,0.0
22.0,15.185817245366867,Basic,0.0,1.0
58.0,37.86107661905657,Premium,7.0,1.0
29.0,31.946373337257114,Premium,2.0,1.0
43.0,7.9021072062125395,Premium,6.0,0.0
63.0,44.47577557229902,VIP,0.0,1.0
51.0,44.47677932717808,VIP,0.0,1.0
31.0,19.868360174409823,Basic,8.0,0.0
43.0,20.31826295073041,VIP,7.0,0.0
62.0,49.50627612575782,Premium,2.0,1.0
44.0,33.17792772169122,VIP,5.0,0.0
26.0,28.90924342556266,Basic,2.0,0.0
,42.7168482598366,VIP,3.0,
64.0,17.838065226079237,Premium,0.0,1.0
,24.31321670283606,Premium,4.0,1.0
,17.04995039697504,Basic,0.0,0.0
47.0,40.512238096492915,VIP,0.0,0.0
60.0,30.80072055358481,VIP,9.0,0.0
34.0,34.647128156303175,VIP,6.0,1.0
43.0,16.353826242773295,Premium,5.0,0.0
53.0,14.91013856197918,Basic,1.0,0.0
18.0,26.97685830423224,,,1.0
25.0,38.19045870917721,Premium,6.0,1.0
52.0,28.635789088407208,Premium,0.0,1.0
,6.469055489555087,Premium,1.0,0.0
64.0,44.084817784413,VIP,7.0,1.0
39.0,7.910910208180921,VIP,5.0,0.0
31.0,48.01210176743385,VIP,1.0,0.0
43.0,6.131388122477272,VIP,6.0,1.0
45.0,36.250270525881895,VIP,3.0,1.0
40.0,8.699317867030175,VIP,1.0,1.0
31.0,45.98044607458128,VIP,5.0,1.0
41.0,25.899495630149424,VIP,,1.0
19.0,11.188569866765693,,8.0,0.0
62.0,20.336706490543097,Premium,7.0,0.0
43.0,12.417110390604293,VIP,2.0,
31.0,12.67618602006905,Basic,2.0,1.0
24.0,47.6648744077149,Premium,1.0,0.0
20.0,,VIP,4.0,1.0
,40.49610187574118,Basic,3.0,1.0
40.0,,VIP,6.0,0.0
63.0,35.43918630522765,Basic,3.0,0.0
60.0,10.926204731241732,Basic,,1.0
64.0,15.538300106696855,Basic,1.0,0.0
62.0,40.403765081949665,Basic,5.0,1.0
35.0,48.684479291365236,,6.0,0.0
,16.820403916939327,Premium,3.0,0.0
52.0,17.220594413796796,Basic,5.0,0.0
32.0,26.28037097649072,VIP,6.0,
42.0,49.272814078494704,Basic,3.0,0.0
54.0,17.103152562191198,Premium,7.0,1.0
45.0,23.313735933541874,VIP,8.0,0.0
27.0,45.116600703057806,Premium,0.0,0.0
56.0,5.131446467961291,Premium,6.0,0.0
34.0,6.78946842448563,VIP,8.0,1.0
56.0,32.18322546820487,Basic,9.0,1.0
39.0,45.832107412078116,Basic,4.0,1.0
43.0,15.748549718086744,Basic,1.0,1.0
61.0,26.133879860631904,Basic,9.0,1.0
42.0,25.27093857460182,VIP,5.0,0.0
34.0,26.283710574297956,VIP,6.0,0.0
30.0,33.01338630783853,VIP,1.0,0.0
37.0,26.13846933458077,,1.0,1.0
42.0,25.1360663595106,VIP,9.0,1.0
21.0,,Basic,9.0,0.0
27.0,31.589034857196868,Premium,0.0,1.0
20.0,29.165336975811126,Basic,3.0,1.0
58.0,43.43611989427269,Basic,6.0,1.0
62.0,7.2273584072149974,VIP,8.0,0.0
35.0,42.499268216285564,VIP,2.0,0.0
64.0,,Basic,6.0,1.0
53.0,17.820860968893236,Basic,,1.0
64.0,25.82833797571328,Premium,6.0,1.0
,24.734231984184596,,1.0,1.0
51.0,14.832942545935863,Premium,,0.0
64.0,22.855858118884242,Premium,1.0,1.0
25.0,6.997449747688449,Premium,5.0,0.0
57.0,17.50199327517805,Basic,9.0,0.0
61.0,41.750697895282315,Premium,2.0,0.0
36.0,17.80530357933039,Premium,1.0,1.0
59.0,41.81930009367114,Basic,5.0,
58.0,28.92197590719939,VIP,1.0,0.0
54.0,44.5938204812522,VIP,4.0,1.0
23.0,30.865079941898685,Premium,1.0,1.0
43.0,6.335070037913292,Basic,2.0,1.0
51.0,35.393909339619015,VIP,2.0,0.0
62.0,7.018410561060589,Premium,5.0,1.0
23.0,25.27686585424103,,5.0,
,,Basic,9.0,0.0
50.0,12.434177270203257,Premium,2.0,
,22.544255882369484,VIP,2.0,0.0
38.0,37.84371389818153,Basic,0.0,
23.0,44.70163502426814,VIP,6.0,0.0
23.0,35.19243521341286,VIP,7.0,0.0
21.0,16.617796438602614,VIP,1.0,1.0
47.0,35.35735338122973,Premium,3.0,0.0
28.0,,Premium,9.0,1.0
47.0,37.329315341843085,VIP,6.0,0.0
48.0,47.931490741326826,VIP,7.0,0.0
,37.462705299782975,Basic,0.0,
26.0,43.829622631058555,Basic,3.0,0.0
20.0,5.0946729429147535,Premium,5.0,0.0
48.0,37.29074561292175,Premium,2.0,0.0
57.0,42.331440058936266,Basic,4.0,0.0
54.0,6.825143189510664,VIP,9.0,0.0
53.0,44.22189772797038,Premium,8.0,0.0
41.0,16.55124027395206,VIP,2.0,1.0
48.0,34.93814458901248,Basic,4.0,1.0
23.0,41.0159695560533,Premium,,1.0
19.0,34.819903087670994,,5.0,
37.0,9.152815643296575,Basic,3.0,0.0
45.0,31.834468348716573,Premium,7.0,
,29.731264552496462,Basic,2.0,1.0
21.0,45.51445706334221,,,
,23.190787833989415,Basic,3.0,1.0
23.0,19.448649368917255,Premium,8.0,0.0
47.0,38.743284399640984,VIP,,0.0
55.0,,VIP,7.0,0.0
19.0,34.07432787522784,VIP,5.0,
32.0,34.09025405560732,Premium,2.0,0.0
28.0,44.9617578962053,Premium,7.0,1.0
,31.94115810435938,,8.0,0.0
43.0,27.59691244828941,VIP,7.0,0.0
,,Basic,3.0,1.0
61.0,10.208192300541741,Basic,5.0,0.0
22.0,11.944470437738573,,0.0,0.0
,12.733181659719254,VIP,3.0,0.0
43.0,33.70446916986353,VIP,7.0,0.0
,38.34415626235603,VIP,0.0,
36.0,28.849618531688844,Basic,2.0,1.0
37.0,42.3057979645471,Premium,0.0,0.0
50.0,49.60684520301349,VIP,8.0,0.0
37.0,41.90056831037102,Premium,1.0,1.0
,36.26970681541816,Premium,8.0,0.0
,28.962171474671596,Premium,3.0,1.0
18.0,25.19838822536187,Basic,1.0,0.0
43.0,8.797657124504406,Premium,3.0,
31.0,22.971593677761092,VIP,9.0,1.0
55.0,45.95605865519604,Basic,5.0,1.0
54.0,41.36101834579488,VIP,6.0,1.0
28.0,14.722311425525923,,2.0,
53.0,25.997350311374714,Basic,2.0,0.0
30.0,41.752544115134505,,9.0,1.0
60.0,8.032304965348514,VIP,7.0,1.0
20.0,22.43266635508967,,4.0,
50.0,43.33285565932764,VIP,3.0,1.0
23.0,23.17540388765557,Premium,6.0,
27.0,,VIP,6.0,1.0
22.0,29.414046583951315,,8.0,1.0
40.0,,VIP,8.0,1.0
27.0,31.562849432892186,,4.0,1.0
61.0,15.182559869640432,Basic,7.0,1.0
19.0,22.29078290618216,VIP,9.0,1.0
30.0,25.255551253186947,Basic,0.0,1.0
57.0,31.066985921923706,,8.0,0.0
,39.17079615886759,Basic,7.0,1.0
37.0,9.449312793828593,Premium,5.0,1.0
18.0,45.034341485790485,VIP,2.0,1.0
,5.553936635723401,Premium,2.0,0.0
26.0,,Premium,7.0,0.0
34.0,6.233913948769594,VIP,4.0,0.0
26.0,22.683840140538106,,9.0,1.0
28.0,28.66156694929957,,6.0,1.0
,28.025662396168027,,4.0,
41.0,12.453275616271942,VIP,7.0,0.0
55.0,34.058322954302554,VIP,9.0,1.0
52.0,7.01503027271007,Basic,9.0,0.0
47.0,39.285806905958694,VIP,3.0,0.0
,47.59899952970958,VIP,1.0,
22.0,20.289597221800307,,2.0,0.0
61.0,28.275772177144937,VIP,7.0,0.0
31.0,22.05096251264665,Basic,6.0,1.0
28.0,5.301967563682698,,1.0,1.0
26.0,22.364352630280216,Premium,5.0,0.0
51.0,,Basic,8.0,1.0
29.0,,Premium,3.0,1.0
52.0,9.556696157682152,Premium,8.0,0.0
52.0,43.12127703622033,Premium,1.0,0.0
18.0,28.89884051983593,Premium,1.0,1.0
57.0,42.877551278510424,Basic,8.0,1.0
39.0,31.109968345326322,,6.0,1.0
46.0,30.185980017707294,Premium,6.0,1.0
25.0,9.736663333865557,Premium,0.0,0.0
28.0,12.531187991238259,Basic,5.0,1.0
58.0,48.7411365423466,Basic,,0.0
54.0,15.281903603964684,Basic,5.0,0.0
31.0,48.985345309566554,Premium,,1.0
47.0,28.93607179359185,,1.0,
,11.110507117877171,,5.0,1.0
38.0,9.468599123916182,Basic,,0.0
54.0,14.398883181758299,Premium,8.0,0.0
22.0,46.65367985114011,Basic,0.0,0.0
36.0,,Premium,7.0,0.0
31.0,22.794542059681145,Basic,,1.0
43.0,19.094281748157833,Premium,0.0,
21.0,11.617783275496478,VIP,3.0,0.0
42.0,26.95330387365829,,0.0,1.0
62.0,10.852150213001241,Basic,5.0,0.0
59.0,42.59661063720474,Premium,1.0,0.0
42.0,21.667864382388792,Premium,4.0,1.0
,21.866160550180837,Basic,6.0,0.0
57.0,26.330289281742015,Premium,1.0,0.0
25.0,24.985747092458823,Basic,5.0,0.0
56.0,49.76860878766947,Premium,5.0,0.0
,29.542150454823613,Basic,4.0,1.0
31.0,8.969076670544181,,4.0,
49.0,,Basic,2.0,1.0
55.0,,Premium,9.0,0.0
,6.392194012910389,VIP,9.0,1.0
40.0,48.683396915476166,,1.0,1.0
32.0,39.80925011905538,Basic,6.0,1.0
50.0,49.10490465861951,,,0.0
42.0,26.50453016100091,Premium,5.0,0.0
34.0,28.951588901703925,VIP,5.0,0.0
50.0,12.575163016360861,Premium,2.0,1.0
64.0,16.110834200041353,VIP,1.0,0.0
19.0,42.73471467062727,Basic,1.0,0.0
31.0,,Premium,,0.0
57.0,42.20667382083885,Premium,4.0,0.0
57.0,36.90561759291643,Basic,6.0,
56.0,,VIP,4.0,1.0
23.0,27.835086475388398,Basic,,0.0
,35.48242946834226,Basic,,0.0
20.0,15.57667466617213,VIP,7.0,0.0
24.0,42.38098297340346,Basic,9.0,1.0
25.0,29.517244589533405,Premium,9.0,0.0
59.0,12.435892269917144,Premium,6.0,1.0
32.0,31.23429917740711,Premium,9.0,1.0
,,Basic,4.0,0.0
46.0,11.77346712485361,Premium,5.0,0.0
50.0,41.754061855378765,Premium,4.0,0.0
47.0,,Premium,6.0,1.0
56.0,,Premium,1.0,1.0
44.0,38.05600654046359,,4.0,0.0
53.0,18.522022352019455,Premium,9.0,1.0
46.0,19.662040290400242,Basic,,0.0
55.0,40.66346263833136,Premium,8.0,0.0
50.0,25.76504803492907,,5.0,1.0
54.0,37.886811292031396,VIP,9.0,1.0
,11.659286631462564,Basic,,1.0
50.0,43.36510018556991,,6.0,1.0
21.0,36.98981225070436,Basic,,0.0
,,Basic,2.0,0.0
19.0,10.95675705657376,Premium,7.0,0.0
27.0,31.685652516226895,Premium,3.0,1.0
22.0,31.960426326814634,VIP,0.0,0.0
27.0,,VIP,5.0,1.0
50.0,25.6309891056166,Basic,9.0,1.0
55.0,6.709170348043406,VIP,0.0,1.0
30.0,38.56370173821554,VIP,4.0,0.0
48.0,29.71951157314283,Basic,6.0,1.0
64.0,7.59834733411282,,5.0,1.0
53.0,35.63401518322185,VIP,1.0,1.0
62.0,26.005193475403455,Premium,3.0,1.0
41.0,6.550756674125,VIP,,1.0
,,VIP,,1.0
46.0,47.71004643902482,,,1.0
25.0,28.08060872662389,Premium,2.0,1.0
22.0,9.215258931765959,,6.0,1.0
46.0,38.95795497193663,Basic,,1.0
64.0,27.136899504757807,VIP,8.0,
21.0,18.610136523022096,Premium,5.0,1.0
29.0,27.113817988785055,Basic,3.0,0.0
62.0,28.5099865432459,VIP,2.0,0.0
19.0,30.322026456005265,,2.0,1.0
44.0,24.855067114489692,VIP,1.0,1.0
48.0,32.258988641257545,Basic,1.0,1.0
53.0,46.34306197728698,Basic,9.0,0.0
53.0,21.302063919436602,Premium,4.0,
,37.65724084489771,VIP,8.0,0.0
60.0,45.25036505709045,Premium,,1.0
44.0,25.51906740919716,Basic,,1.0
22.0,24.955512637185684,,5.0,1.0
37.0,32.09526434096508,VIP,9.0,1.0
28.0,31.613304174011965,VIP,1.0,0.0
27.0,41.29652040468247,VIP,3.0,1.0
57.0,26.441752270023173,Premium,5.0,0.0
55.0,49.82553273377485,VIP,4.0,0.0
23.0,7.676220599027635,VIP,,1.0
25.0,5.142553186131578,,5.0,0.0
40.0,33.80892402018307,Basic,,
64.0,18.429571056284452,VIP,2.0,0.0
43.0,15.817207491476772,VIP,9.0,0.0
63.0,19.03545860019262,Basic,4.0,
60.0,16.522140429722945,VIP,9.0,1.0
29.0,6.385552234720153,Premium,4.0,0.0
43.0,48.71898690757649,Premium,9.0,1.0
30.0,14.933546980375178,Premium,5.0,
57.0,38.03133931651878,VIP,9.0,1.0
35.0,39.316837761237885,Basic,,1.0
42.0,46.816582910325316,VIP,4.0,1.0
50.0,6.3747255692020985,VIP,0.0,1.0
64.0,44.24217523011534,Basic,4.0,1.0
57.0,,Basic,2.0,0.0
60.0,33.46448494846226,Basic,3.0,1.0
29.0,34.001162470446516,Premium,7.0,0.0
61.0,41.89090122431274,VIP,6.0,0.0
53.0,20.003329497159974,Basic,,1.0
21.0,37.9873035436997,VIP,1.0,0.0
22.0,28.78601493749887,Premium,5.0,1.0
54.0,40.70273064374065,Premium,5.0,0.0
25.0,49.574571474656004,Basic,9.0,0.0
59.0,14.029295783169255,Basic,,1.0
45.0,49.75918887019991,VIP,5.0,
48.0,9.04154694272483,Basic,8.0,
,5.104289655716624,VIP,7.0,1.0
46.0,6.987287128002407,Basic,7.0,0.0
31.0,,VIP,0.0,1.0
57.0,33.48078488052954,VIP,4.0,0.0
58.0,8.106329339953234,,6.0,0.0
39.0,5.254961653830527,VIP,5.0,0.0
28.0,47.16909628064577,Premium,4.0,0.0
40.0,41.98669861729683,VIP,7.0,0.0
18.0,41.413242701256394,Basic,2.0,0.0
63.0,44.79909239758897,Premium,5.0,1.0
54.0,36.50154227474469,Premium,4.0,0.0
38.0,9.698185838663665,VIP,7.0,0.0
43.0,22.959508463317537,Premium,3.0,0.0
63.0,37.54172689090833,VIP,7.0,1.0
53.0,17.61505073561844,Basic,9.0,
40.0,35.93328638613069,VIP,,0.0
18.0,6.102430172044356,Premium,8.0,1.0
57.0,18.776180339581693,Basic,8.0,0.0
32.0,29.71086513247277,VIP,9.0,1.0
38.0,33.444042327780906,Basic,9.0,0.0
64.0,30.96682990078599,Basic,5.0,
26.0,36.39903242330433,Premium,3.0,
26.0,5.273993670792758,Basic,3.0,1.0
27.0,9.542353998988467,Premium,5.0,0.0
43.0,,Basic,4.0,0.0
58.0,35.67868898405726,VIP,5.0,0.0
52.0,10.081923920870508,Basic,6.0,1.0
42.0,42.89334968293606,VIP,6.0,1.0
43.0,15.90040480210551,VIP,8.0,0.0
28.0,26.521694788785055,Basic,7.0,1.0
55.0,11.533843079809714,VIP,,0.0
19.0,36.9549525389768,Basic,5.0,0.0
24.0,35.00844894564205,Basic,4.0,0.0
35.0,14.500061202476129,VIP,0.0,0.0
44.0,43.85303450856508,VIP,8.0,1.0
51.0,23.05877108988705,Premium,8.0,1.0
44.0,18.16317909818338,VIP,,1.0
34.0,11.854831525904096,Premium,7.0,0.0
60.0,16.977560563199184,VIP,9.0,1.0
61.0,5.991211455071765,Basic,2.0,0.0
41.0,31.246587160525202,VIP,0.0,
42.0,42.900383585477655,Basic,7.0,0.0
24.0,,Basic,6.0,0.0
23.0,14.867328286574407,Basic,4.0,0.0
41.0,6.515113019624272,Premium,9.0,0.0
50.0,14.658263296646128,,6.0,1.0
46.0,23.725464263199154,Basic,9.0,1.0
60.0,39.18251429149084,,3.0,1.0
39.0,,Premium,8.0,1.0
43.0,37.390615400960876,VIP,9.0,0.0
45.0,44.01200607583476,VIP,,
38.0,25.42760816487607,Premium,8.0,1.0
24.0,41.9644396239167,Premium,8.0,1.0
34.0,29.959580661579302,VIP,4.0,1.0
37.0,33.66908766864073,Premium,0.0,
58.0,28.682530715219123,VIP,6.0,1.0
37.0,,VIP,9.0,1.0
39.0,,Basic,9.0,1.0
45.0,18.643732675747074,Basic,3.0,1.0
57.0,18.048655352462404,VIP,8.0,0.0
24.0,30.348001892921662,VIP,5.0,0.0
18.0,10.397916186075047,VIP,2.0,0.0
,,VIP,,0.0
30.0,,VIP,9.0,1.0
,,VIP,,0.0
40.0,12.138086503687008,Premium,4.0,1.0
36.0,44.68964763747361,VIP,1.0,0.0
49.0,42.07001405455244,Premium,9.0,1.0
47.0,37.47746987227307,Premium,9.0,1.0
46.0,17.219617133505906,VIP,1.0,0.0
62.0,23.1100986845151,VIP,6.0,0.0
46.0,9.623671360359051,,1.0,1.0
47.0,13.506778612738927,Premium,,1.0
,40.23574867925298,VIP,4.0,1.0
57.0,37.17674234828077,VIP,3.0,0.0
36.0,31.706859333917063,Premium,6.0,0.0
35.0,,Premium,7.0,1.0
,31.246993301587043,Premium,3.0,0.0
31.0,26.01355999836248,Basic,,1.0
64.0,20.31668358375932,Premium,0.0,0.0
19.0,47.320182758127764,Basic,0.0,0.0
45.0,8.722195768595906,VIP,,0.0
47.0,46.88993174273638,VIP,4.0,0.0
55.0,42.202159696895826,Premium,3.0,0.0
21.0,10.846846604106558,VIP,8.0,1.0
18.0,30.42429609538641,VIP,2.0,1.0
25.0,,VIP,6.0,0.0
,30.73141236232192,VIP,7.0,1.0
56.0,45.823991970228,Basic,5.0,1.0
20.0,,Basic,9.0,0.0
49.0,24.007303498293766,Premium,0.0,1.0
27.0,21.979114763284564,Premium,7.0,0.0
27.0,47.13445192861206,Premium,9.0,1.0
36.0,35.38130275173506,VIP,2.0,
63.0,10.221020660667618,VIP,7.0,1.0
51.0,6.903128715020654,Basic,3.0,1.0
50.0,,Basic,7.0,1.0
40.0,46.85769344472911,Premium,0.0,1.0
45.0,42.99119160826183,Basic,2.0,1.0
,35.41314859089514,Basic,5.0,0.0
24.0,11.260213200098939,Basic,8.0,
46.0,,Basic,,0.0
25.0,44.39800519486773,Basic,0.0,0.0
18.0,13.22632564956052,Premium,9.0,1.0
20.0,17.529773371269556,Premium,2.0,
41.0,10.832029303794888,,3.0,1.0
40.0,35.4248704136485,Premium,4.0,
,47.479203741344435,VIP,2.0,0.0
64.0,17.103561421792367,Basic,9.0,0.0
54.0,26.393297353253317,,,1.0
20.0,33.5452882870042,Premium,1.0,0.0
50.0,49.97598116970338,Premium,,1.0
45.0,9.716362924890745,VIP,8.0,0.0
64.0,27.43568597775691,,9.0,1.0
25.0,22.3304053956125,Basic,1.0,0.0
,43.96190743500598,VIP,6.0,1.0
52.0,26.418547895524515,Basic,6.0,0.0
49.0,9.993988606331664,VIP,6.0,0.0
41.0,33.549086537896265,Premium,2.0,1.0
31.0,39.68512782187459,VIP,6.0,1.0
49.0,5.1296563249526566,VIP,0.0,0.0
63.0,43.65305084392833,Basic,9.0,1.0
60.0,13.371035000254953,Premium,0.0,0.0
33.0,,Basic,4.0,1.0
21.0,23.710887530935256,,1.0,
54.0,37.384421747473866,Basic,8.0,1.0
38.0,21.702272665358382,VIP,6.0,0.0
31.0,44.13934295067698,,3.0,0.0
48.0,37.87233624314556,Premium,3.0,0.0
35.0,34.14709269783147,,1.0,1.0
24.0,40.830826800328445,VIP,4.0,0.0
27.0,38.931036571777206,Premium,3.0,1.0
24.0,6.6172403714699,Basic,0.0,1.0
50.0,22.763045923017266,VIP,7.0,1.0
40.0,46.886328379242045,Premium,2.0,0.0
38.0,10.65759210465018,Premium,5.0,1.0
36.0,38.169344769442304,Basic,3.0,1.0
36.0,48.856631510089834,Basic,8.0,1.0
53.0,7.348938307023723,VIP,6.0,0.0
46.0,35.69872462819747,Premium,8.0,1.0
35.0,26.066936358546368,Basic,9.0,1.0
19.0,31.062886491862496,,2.0,1.0
18.0,,,0.0,1.0
64.0,6.935312834012277,Premium,4.0,0.0
22.0,35.00899972479148,,2.0,0.0
37.0,42.048924341932306,VIP,5.0,1.0
28.0,40.190690071983525,,7.0,1.0
59.0,,Premium,3.0,1.0
,9.494006951128018,Premium,4.0,1.0
20.0,35.96199997262062,Premium,4.0,0.0
40.0,,,3.0,0.0
29.0,45.998091624532265,Basic,3.0,0.0
37.0,,Premium,3.0,
22.0,36.922233518932586,VIP,3.0,1.0
54.0,47.69806801240087,Premium,3.0,1.0
55.0,,Basic,4.0,0.0
47.0,38.12901912773429,Premium,1.0,0.0
26.0,19.86092507013824,Basic,1.0,1.0
51.0,45.772964855886435,,8.0,1.0
61.0,17.000383849788992,Premium,1.0,1.0
52.0,37.618542469175765,Premium,5.0,1.0
39.0,44.494115884285165,Basic,1.0,1.0
61.0,6.874556827220709,VIP,4.0,0.0
41.0,22.894141081641624,Basic,3.0,0.0
34.0,39.30390644098724,,6.0,1.0
27.0,25.471350027841417,Premium,6.0,1.0
47.0,17.02636834071179,VIP,5.0,0.0
63.0,14.891240697043552,Basic,9.0,1.0
40.0,10.918322011237006,Basic,4.0,0.0
49.0,43.5708301935327,Basic,0.0,0.0
34.0,30.89099314632002,Premium,2.0,0.0
34.0,8.437322524615519,Basic,8.0,0.0
31.0,22.216114560678594,VIP,0.0,1.0
26.0,21.548014286229947,Premium,4.0,1.0
57.0,13.178263581925835,Premium,,0.0
19.0,24.597843146248582,Basic,,1.0
,,VIP,0.0,1.0
,20.381166747148214,Premium,2.0,1.0
56.0,,Premium,9.0,1.0
26.0,15.046852347733834,Basic,6.0,0.0
39.0,33.88369814849099,Basic,9.0,1.0
60.0,30.67923307464207,VIP,2.0,0.0
63.0,30.564163055204027,Basic,3.0,0.0
21.0,34.83533057637992,VIP,1.0,1.0
43.0,29.67719162880443,Premium,2.0,0.0
46.0,,VIP,8.0,
62.0,35.40110413776169,VIP,2.0,1.0
51.0,29.613346311712466,,4.0,0.0
40.0,42.33934041294402,Premium,,1.0
54.0,,Basic,3.0,0.0
28.0,18.101491150333054,Premium,6.0,0.0
23.0,14.319271317945704,,6.0,1.0
35.0,11.854750354820546,VIP,2.0,1.0
38.0,45.47548456457457,VIP,4.0,1.0
59.0,36.95609443091296,VIP,0.0,0.0
53.0,47.182029717394435,VIP,9.0,1.0
58.0,32.14813125717244,VIP,9.0,0.0
55.0,26.303039667271065,Basic,,0.0
51.0,,Basic,0.0,1.0
34.0,35.223902669571345,VIP,4.0,1.0
54.0,31.199394189570402,Premium,9.0,1.0
42.0,49.55940021144296,,8.0,0.0
55.0,15.762145000200936,VIP,0.0,1.0
29.0,28.883180987907615,Basic,0.0,0.0
40.0,34.29308008031327,Premium,3.0,1.0
59.0,34.00660286340546,Premium,3.0,1.0
39.0,30.25820943267812,Premium,,
38.0,39.961760464725145,VIP,8.0,0.0
,14.22415442870674,Premium,8.0,1.0
48.0,37.653224012348716,Premium,1.0,1.0
23.0,32.88805571448901,Premium,8.0,1.0
44.0,45.3233800307558,Premium,5.0,1.0
57.0,43.123749756511174,Basic,7.0,
51.0,19.181616760964896,VIP,9.0,0.0
29.0,,VIP,3.0,0.0
62.0,,Basic,,0.0
24.0,,Basic,1.0,0.0
27.0,45.78894337614966,VIP,8.0,1.0
62.0,,Premium,0.0,0.0
34.0,33.92685116600784,,6.0,0.0
43.0,41.443708431226376,VIP,2.0,0.0
38.0,,Premium,2.0,1.0
45.0,20.180306345766056,,1.0,0.0
63.0,37.62415264658236,Premium,9.0,1.0
,29.246585406782856,Premium,,
60.0,7.728301672991069,Premium,9.0,1.0
18.0,36.04998817890245,VIP,1.0,0.0
53.0,36.054345120702955,Basic,9.0,1.0
43.0,46.87730621809416,Premium,3.0,0.0
46.0,,VIP,9.0,1.0
38.0,15.36129143197316,Premium,8.0,1.0
28.0,7.005372055190562,Basic,8.0,0.0
57.0,,Premium,5.0,1.0
28.0,18.58625150348758,Basic,,1.0
53.0,,Premium,6.0,0.0
,20.942049417847098,Basic,0.0,0.0
57.0,47.708203834167975,Premium,3.0,1.0
52.0,48.30395913445029,Basic,,0.0
51.0,32.940886559796866,Premium,7.0,0.0
64.0,46.78971291566973,Premium,,0.0
,39.238445503152306,VIP,4.0,
39.0,29.608683843880677,,5.0,1.0
22.0,13.113857094025015,Basic,4.0,1.0
50.0,25.6369074581228,Premium,8.0,1.0
53.0,30.23935085131779,Basic,,1.0
64.0,43.87827113307546,VIP,0.0,1.0
37.0,26.66000194410492,Basic,2.0,
36.0,45.39536027050805,Basic,1.0,0.0
52.0,35.3457040560561,VIP,2.0,1.0
60.0,11.164957837415212,Premium,9.0,1.0
34.0,49.77416161962918,Basic,8.0,0.0
62.0,,VIP,8.0,0.0
60.0,22.63362333840855,,9.0,0.0
51.0,34.660119401128696,VIP,1.0,1.0
26.0,9.900199129146758,Basic,2.0,
43.0,33.644239103900944,Premium,3.0,1.0
19.0,27.420620022467283,Premium,8.0,
26.0,23.30033314993624,,,1.0
26.0,47.88590095305046,,6.0,0.0
57.0,28.514287252942395,,2.0,0.0
34.0,14.86028657614723,Premium,6.0,1.0
18.0,25.65335657197844,Premium,6.0,1.0
42.0,46.37243320577027,Basic,8.0,1.0
60.0,12.92429620987676,Premium,1.0,0.0
57.0,14.628066740970661,Basic,5.0,1.0
59.0,,VIP,8.0,
42.0,5.638552222809523,VIP,,1.0
56.0,42.32262321313306,Premium,1.0,0.0
52.0,37.94551730793301,VIP,4.0,1.0
20.0,20.97684754033812,VIP,9.0,0.0
,36.42400207524078,Premium,9.0,0.0
,22.78426668394866,Basic,,0.0
,47.880355819902235,Premium,7.0,0.0
47.0,48.517370664171565,Basic,8.0,0.0
55.0,22.67571991142045,,1.0,0.0
51.0,43.43998578533906,Premium,4.0,
29.0,39.789006876385976,VIP,6.0,1.0
36.0,18.94999717273052,Premium,5.0,1.0
54.0,15.44179230054977,Premium,5.0,1.0
,25.62055926767752,Basic,6.0,0.0
34.0,40.16069782764828,VIP,2.0,1.0
27.0,48.20755031279354,Basic,2.0,0.0
64.0,39.36105809899576,Basic,9.0,0.0
29.0,43.48431432582665,,8.0,0.0
33.0,32.13789377767324,VIP,7.0,1.0
,42.59335238789566,VIP,4.0,
36.0,40.2989386101538,Premium,,1.0
25.0,21.964349386682603,VIP,9.0,1.0
48.0,29.83956359543245,VIP,0.0,1.0
38.0,41.21389048953627,VIP,9.0,
34.0,7.072553038548037,Basic,0.0,1.0
40.0,41.36356770601235,Basic,3.0,0.0
54.0,13.004965582206054,Premium,1.0,
33.0,28.160762770464753,Basic,6.0,
23.0,41.372394780017196,Premium,1.0,0.0
,16.42194851705127,Basic,9.0,1.0
42.0,16.061334768776888,VIP,1.0,0.0
35.0,23.124397930801333,Basic,4.0,0.0
42.0,45.25892589099355,Premium,3.0,0.0
29.0,5.019925164674355,Basic,7.0,0.0
32.0,45.562239348887076,VIP,3.0,0.0
43.0,,Premium,5.0,0.0
58.0,49.55388692303669,,4.0,0.0
62.0,47.96811468673106,VIP,1.0,0.0
43.0,27.26038353160775,Premium,7.0,0.0
64.0,28.072411151568268,VIP,,0.0
49.0,26.669720312413443,VIP,8.0,0.0
27.0,33.59496405467851,Basic,,0.0
33.0,9.082476600571898,VIP,2.0,0.0
24.0,,VIP,,1.0
34.0,7.596631778715448,VIP,7.0,0.0
40.0,,VIP,8.0,0.0
43.0,17.39965726487675,Premium,2.0,0.0
38.0,32.99178030669472,,4.0,0.0
39.0,49.659903021865055,VIP,7.0,0.0
24.0,22.384542788440967,VIP,2.0,0.0
31.0,30.8228564347031,Premium,6.0,1.0
32.0,23.702175315830097,VIP,7.0,1.0
24.0,43.12722504748367,Premium,9.0,1.0
26.0,,Basic,2.0,0.0
25.0,44.4810025492367,Basic,1.0,0.0
40.0,48.84675074056659,VIP,9.0,0.0
,6.238363331318688,VIP,6.0,1.0
35.0,42.79172729654889,VIP,8.0,0.0
48.0,38.8297477867592,Premium,,0.0
47.0,15.291248423016416,VIP,2.0,1.0
56.0,48.034404202438736,VIP,4.0,1.0
52.0,11.668006770347546,Basic,2.0,0.0
35.0,35.57974672102588,VIP,0.0,0.0
59.0,15.120059756716062,Basic,,0.0
56.0,24.41212919483336,VIP,6.0,0.0
34.0,37.3621953625056,Basic,9.0,1.0
31.0,,VIP,7.0,0.0
48.0,24.237582409765025,Basic,4.0,0.0
41.0,19.685229391939423,Premium,9.0,
,42.784684506895566,Basic,4.0,0.0
61.0,11.471645764166617,,4.0,0.0
62.0,,Basic,0.0,1.0
51.0,,VIP,9.0,1.0
20.0,43.06322977069855,VIP,4.0,0.0
54.0,23.0423793112871,VIP,5.0,1.0
60.0,39.339876362058874,Premium,0.0,1.0
57.0,42.042237381898666,Premium,6.0,
43.0,,,0.0,1.0
40.0,29.50275960721526,Premium,,0.0
61.0,14.20073987246203,Basic,1.0,0.0
56.0,16.488908442676923,,4.0,0.0
32.0,18.30626033187219,Basic,9.0,
21.0,31.7211116364327,Premium,6.0,1.0
46.0,6.47643308578738,VIP,0.0,0.0
39.0,33.62191109509857,Premium,,0.0
42.0,21.39594072927044,,0.0,0.0
30.0,18.2858811120339,Basic,0.0,
35.0,44.57734568276569,Premium,,1.0
50.0,25.70010780113595,Basic,1.0,1.0
33.0,9.277387048971175,Basic,0.0,1.0
62.0,42.203604561181116,Premium,5.0,0.0
59.0,7.143856584642797,Premium,1.0,1.0
61.0,37.70371508756885,Premium,5.0,1.0
19.0,39.82577997967993,Basic,,0.0
52.0,20.867117266798616,Basic,7.0,1.0
59.0,42.1154535325004,VIP,1.0,0.0
51.0,28.204673263540403,VIP,8.0,1.0
47.0,25.848214397275857,,7.0,1.0
30.0,7.043147666091165,VIP,9.0,1.0
30.0,,Basic,0.0,1.0
35.0,46.89544868983849,VIP,6.0,0.0
49.0,22.6320783477575,Basic,,0.0
49.0,,Premium,5.0,1.0
52.0,28.94097555429133,Premium,5.0,0.0
56.0,31.5693990420212,Basic,5.0,1.0
63.0,,VIP,5.0,1.0
46.0,21.297931465942774,Premium,9.0,1.0
46.0,37.540772324714936,,6.0,
61.0,14.025211298284232,VIP,2.0,1.0
33.0,14.161026989586219,VIP,5.0,1.0
61.0,5.454077301006112,Basic,2.0,0.0
64.0,24.68668669736944,VIP,6.0,0.0
27.0,44.72304713030399,VIP,6.0,1.0
,7.335542461428906,VIP,,
,13.600341927320118,Basic,1.0,1.0
56.0,18.95380422542398,Basic,8.0,0.0
37.0,37.92761314538958,Premium,4.0,
22.0,,Basic,,0.0
18.0,23.717475706183478,Premium,9.0,1.0
47.0,39.158102266626905,VIP,4.0,0.0
20.0,,Premium,6.0,1.0
62.0,45.32183598457486,Premium,,1.0
31.0,41.811203711241184,VIP,3.0,1.0
47.0,,Premium,1.0,0.0
21.0,17.21473599353901,Basic,8.0,0.0
35.0,10.641041410657353,Basic,1.0,0.0
54.0,20.16341265728554,Basic,2.0,
,49.97947634235924,Basic,9.0,1.0
18.0,23.258802587677746,,1.0,
63.0,14.921979561009788,,2.0,1.0
32.0,39.311729801399885,VIP,,0.0
26.0,29.411195155819524,,2.0,
32.0,11.732065228712864,Premium,9.0,0.0
41.0,22.13103565223896,Premium,7.0,0.0
21.0,23.651137199270448,VIP,5.0,1.0
29.0,38.92233652561484,Basic,6.0,0.0
54.0,5.930211600135701,,0.0,0.0
54.0,17.10588410592397,VIP,2.0,0.0
60.0,28.29183355919849,VIP,2.0,0.0
23.0,17.098103410377952,VIP,1.0,0.0
56.0,,Basic,,0.0
63.0,26.684036567357747,Premium,8.0,0.0
41.0,21.27696146868113,VIP,3.0,1.0
28.0,47.71438820917305,Basic,4.0,1.0
30.0,33.44717746339059,VIP,,1.0
51.0,10.847361752057356,VIP,8.0,1.0
,30.204126384952797,VIP,3.0,0.0
24.0,40.13293339404054,VIP,4.0,1.0
21.0,36.88203638717588,VIP,0.0,1.0
,,Basic,1.0,1.0
37.0,48.75889995680465,Premium,8.0,0.0
46.0,,Premium,1.0,1.0
62.0,12.156125168311759,Premium,4.0,1.0
63.0,13.108808935766657,Premium,7.0,
27.0,9.420574648508623,Basic,2.0,1.0
60.0,,Basic,5.0,0.0
51.0,10.49137224448319,Basic,,
43.0,10.630636571378613,VIP,6.0,0.0
58.0,43.2712226642377,VIP,,1.0
20.0,20.507183800140183,VIP,2.0,1.0
23.0,6.38860569386326,Premium,5.0,1.0
22.0,7.33528847832849,VIP,9.0,0.0
22.0,,Premium,8.0,1.0
64.0,14.602700658906029,,9.0,0.0
40.0,34.93157874072824,Premium,0.0,0.0
26.0,12.079682600082272,VIP,2.0,0.0
52.0,10.34934760296824,VIP,,0.0
37.0,39.41236136643256,Basic,7.0,1.0
,35.19748777369615,VIP,6.0,1.0
52.0,24.58958996548563,VIP,1.0,1.0
35.0,29.718939716604677,Basic,,0.0
34.0,,,2.0,1.0
41.0,26.71251891059123,Basic,7.0,
,27.80026920422356,Basic,9.0,0.0
49.0,22.425677203014317,Premium,2.0,0.0
52.0,45.79574948024732,,9.0,1.0
55.0,5.7227839241452765,Premium,8.0,
30.0,40.197706839106075,VIP,0.0,0.0
64.0,10.597227405859595,VIP,4.0,1.0
42.0,40.889631224173975,Premium,2.0,1.0
26.0,32.716036205452454,Basic,5.0,0.0
21.0,42.94751409213811,Premium,9.0,0.0
31.0,9.388144653840385,VIP,1.0,1.0
54.0,30.154128534489832,Premium,8.0,0.0
51.0,27.54895461179887,Premium,5.0,0.0
28.0,36.778693233351134,VIP,6.0,1.0
58.0,29.04307483521541,Basic,4.0,1.0
20.0,29.33305552098969,Premium,8.0,0.0
45.0,24.33181746092291,VIP,0.0,1.0
46.0,18.897549080330336,VIP,4.0,0.0
26.0,26.701896256348647,Premium,9.0,0.0
20.0,10.332156144578025,Basic,5.0,1.0
42.0,48.26810025423882,Premium,6.0,0.0
51.0,,Basic,3.0,0.0
,47.8610202509531,Basic,0.0,0.0
59.0,15.202732204848347,Basic,7.0,1.0
26.0,44.57034590794376,Basic,9.0,1.0
32.0,41.39554930535923,Premium,3.0,1.0
57.0,35.471858560595315,VIP,2.0,
42.0,33.12631337383426,VIP,6.0,0.0
22.0,19.244734937054147,VIP,1.0,1.0
28.0,,VIP,7.0,1.0
51.0,27.568195766588023,VIP,5.0,1.0
41.0,8.19012091510784,VIP,6.0,0.0
32.0,19.07884223848085,Premium,4.0,1.0
55.0,47.08836943453974,Basic,8.0,0.0
25.0,43.28061172721808,VIP,4.0,
22.0,49.18575641344426,Premium,,0.0
43.0,33.25970221718441,VIP,2.0,0.0
,16.13795329131854,VIP,0.0,1.0
23.0,12.32667723545887,Basic,,0.0
54.0,13.411149827380774,Basic,,1.0
30.0,5.890804625626448,Basic,0.0,0.0
45.0,22.580694994367263,VIP,6.0,0.0
22.0,13.614245622479412,VIP,4.0,1.0
30.0,23.52449572055161,VIP,,0.0
34.0,47.07474943274444,Basic,6.0,1.0
57.0,24.374309427823547,Premium,8.0,
62.0,44.50930236431757,VIP,,1.0
,32.24771449771444,VIP,7.0,0.0
,16.120919959762638,VIP,,
20.0,21.013464166664512,Premium,2.0,0.0
57.0,8.776379111964324,VIP,1.0,1.0
51.0,,Premium,6.0,1.0
57.0,35.489342547659035,VIP,4.0,0.0
44.0,8.244999181824584,Premium,4.0,0.0
30.0,14.24306338151132,VIP,9.0,
62.0,22.164846863599017,Basic,,0.0
,49.19222916571832,Basic,3.0,1.0
23.0,40.31878203314961,Basic,4.0,0.0
41.0,38.006903592144674,,3.0,1.0
36.0,,VIP,,0.0
33.0,40.144815212674615,Basic,3.0,0.0
57.0,40.33709651822068,Premium,1.0,1.0
45.0,32.04962130309477,Basic,8.0,1.0
50.0,49.56628018992674,Basic,1.0,1.0
58.0,,Basic,8.0,0.0
30.0,47.35726017088332,,9.0,1.0
60.0,46.162900173042665,Basic,5.0,1.0
62.0,5.516629688722003,Premium,8.0,0.0
42.0,25.2552436913665,Basic,8.0,1.0
59.0,48.969690487320804,Basic,,1.0
53.0,9.64046130836341,Basic,0.0,1.0
44.0,29.650311247249377,Premium,,0.0
55.0,49.05308781684968,Basic,2.0,0.0
24.0,29.99729408476371,Premium,4.0,0.0
22.0,13.54168863374702,,2.0,1.0
60.0,31.198245354166538,Basic,8.0,0.0
62.0,14.199825827729608,Premium,8.0,1.0
48.0,28.38669183025179,VIP,2.0,1.0
40.0,8.33189980605566,Basic,2.0,1.0
,32.24672011464821,Basic,,0.0
27.0,28.25554726076712,Premium,1.0,0.0
49.0,38.30726159426584,Premium,5.0,1.0
60.0,,Basic,6.0,1.0
47.0,29.73228208388405,VIP,8.0,0.0
56.0,,Premium,5.0,0.0
48.0,11.477386110750388,Premium,2.0,0.0
35.0,31.791184756637183,,4.0,
,,VIP,3.0,0.0
19.0,46.64849935333464,Basic,4.0,0.0
31.0,8.075034718052189,VIP,7.0,0.0
,24.366863736085698,Basic,7.0,1.0
46.0,36.31088649449502,VIP,5.0,0.0
29.0,25.610999525071644,Premium,0.0,1.0
56.0,9.144286395480606,Basic,7.0,
,29.902055725701832,Basic,7.0,1.0
49.0,33.873435897230955,Basic,1.0,0.0
30.0,36.670653994572845,VIP,,0.0
63.0,21.79669165082415,,1.0,0.0
44.0,30.364698696294298,Basic,3.0,1.0
58.0,25.28089137225109,Basic,9.0,0.0
34.0,35.2425217438514,Basic,6.0,1.0
57.0,31.260063529616833,Basic,8.0,0.0
48.0,28.659029880161068,,7.0,0.0
51.0,16.22859650772119,VIP,8.0,0.0
41.0,5.0908332986705265,Premium,7.0,
,12.833675389014317,Basic,1.0,1.0
52.0,10.267971864087588,Premium,6.0,1.0
,25.208813525492605,,1.0,1.0
,32.55161678428301,VIP,1.0,1.0
47.0,14.588825390816368,VIP,3.0,0.0
24.0,47.25756931852342,VIP,,
27.0,5.30069581507495,Basic,4.0,
58.0,39.75354568244043,Premium,,1.0
49.0,33.1342146288699,VIP,8.0,0.0
51.0,21.809966047145686,Basic,,
45.0,7.272002498558356,Basic,7.0,1.0
32.0,33.236895730292574,Premium,1.0,
47.0,22.352608078954162,VIP,0.0,0.0
,47.13202127359486,Basic,1.0,1.0
46.0,29.389553370039465,,6.0,1.0
39.0,47.28431800820787,VIP,3.0,0.0
,14.921766206298685,Premium,,1.0
37.0,37.65766596638465,Premium,4.0,
,32.77620593819266,Basic,6.0,1.0
53.0,38.27337034240903,Basic,2.0,
21.0,14.660053878764156,,9.0,1.0
44.0,34.92475323069982,Premium,1.0,1.0
34.0,27.411817687559104,Basic,6.0,1.0
,38.42712387078423,Premium,4.0,0.0
39.0,19.7170089868318,Premium,0.0,0.0
34.0,45.05256614593637,Basic,0.0,1.0
27.0,8.793559157510767,VIP,8.0,1.0
,41.323519345603465,VIP,4.0,1.0
39.0,,,0.0,0.0
43.0,,Premium,6.0,0.0
35.0,28.07268774177992,Premium,8.0,0.0
31.0,24.72732410138426,Premium,,0.0
64.0,49.831802893619454,Basic,9.0,0.0
46.0,15.312737804637296,Premium,3.0,0.0
29.0,29.609418464422006,Basic,2.0,0.0
53.0,35.18039864220465,Basic,4.0,0.0
52.0,36.539043613764434,VIP,6.0,1.0
29.0,14.181109958236041,VIP,7.0,0.0
24.0,34.42973415529106,VIP,1.0,
46.0,41.826630491660175,Basic,6.0,0.0
28.0,7.25083595695005,Basic,0.0,0.0
50.0,46.01845819963924,Basic,6.0,1.0
23.0,6.327682481534267,Premium,7.0,0.0
64.0,21.018696461977747,Basic,,1.0
32.0,,VIP,8.0,1.0
49.0,8.471532584281185,VIP,0.0,1.0
28.0,46.00257283310356,Basic,5.0,0.0
40.0,20.968737383576652,Basic,0.0,0.0
43.0,24.11471886912738,VIP,2.0,0.0
51.0,14.690497162214868,Basic,5.0,1.0
63.0,31.86930965840239,VIP,2.0,1.0
51.0,31.766144660500533,Premium,7.0,1.0
46.0,21.749017632134866,VIP,4.0,1.0
,19.986569231242925,Premium,1.0,0.0
34.0,44.82339386812645,Basic,3.0,0.0
52.0,,,8.0,0.0
30.0,,Premium,3.0,1.0
,17.74871430912188,,9.0,1.0
,40.40462765107073,Premium,9.0,0.0
32.0,22.885167060459125,Basic,7.0,
46.0,,VIP,4.0,1.0
46.0,,Basic,9.0,0.0
28.0,49.44468165535633,VIP,0.0,0.0
49.0,18.11730834156753,VIP,6.0,1.0
19.0,39.683413890749826,Premium,2.0,1.0
64.0,24.237304266054164,Basic,9.0,1.0
31.0,14.279783228786295,Premium,7.0,0.0
37.0,40.987344378418754,Basic,2.0,1.0
39.0,,VIP,0.0,0.0
,43.9337006329015,VIP,4.0,0.0
44.0,46.186573321302035,Basic,1.0,1.0
20.0,,Basic,3.0,
34.0,6.575356166306254,Premium,0.0,1.0
61.0,40.431800525229754,Basic,8.0,1.0
,23.510275992461473,,5.0,0.0
46.0,44.31753140820013,Basic,7.0,0.0
38.0,33.70794182081325,,3.0,1.0
64.0,42.51394103647813,Basic,8.0,1.0
33.0,27.47442964400759,,1.0,1.0
,,Premium,8.0,1.0
37.0,11.497443446015026,Premium,4.0,
23.0,40.27943114102099,VIP,5.0,
36.0,23.872532525013725,VIP,,0.0
22.0,27.50360532222122,,,0.0
20.0,40.329397134306845,Basic,5.0,0.0
18.0,31.948043003574753,VIP,6.0,0.0
55.0,14.049442734920035,Basic,,1.0
32.0,,Premium,6.0,0.0
51.0,23.34347860908451,Premium,0.0,0.0
52.0,26.12864939197382,VIP,4.0,1.0
,6.27400734812005,Basic,5.0,0.0
41.0,14.451320728232671,VIP,1.0,1.0
29.0,17.646713662146272,VIP,9.0,1.0
35.0,37.08320035364626,Basic,8.0,1.0
32.0,5.517161298415189,,9.0,1.0
61.0,23.394976755310942,Premium,5.0,1.0
33.0,46.58120916915798,VIP,6.0,0.0
44.0,10.034627744710573,Basic,9.0,0.0
25.0,28.239097469837496,Basic,7.0,0.0
63.0,40.393507207588115,Premium,9.0,1.0
42.0,47.41390883840525,Basic,0.0,0.0
34.0,38.604948779017306,Basic,7.0,0.0
46.0,37.42544968899828,Premium,3.0,0.0
25.0,42.19196405880931,VIP,9.0,0.0
32.0,25.079054943989465,Premium,7.0,1.0
44.0,41.26300396780249,VIP,5.0,0.0
63.0,5.358398213545301,Premium,8.0,
24.0,46.60524749195622,VIP,3.0,1.0
20.0,24.94879292827289,Premium,1.0,0.0
46.0,29.902108453958643,VIP,1.0,1.0
61.0,16.469701201169705,Premium,4.0,1.0
41.0,38.41388747781897,VIP,9.0,1.0
20.0,8.448611291386197,Premium,8.0,1.0
37.0,44.26861111460759,Basic,2.0,1.0
63.0,42.265257305285424,VIP,7.0,1.0
32.0,14.722705231014487,Premium,3.0,1.0
42.0,41.41959792283681,,5.0,0.0
47.0,40.38609798776667,VIP,9.0,0.0
31.0,33.44974689892771,Premium,5.0,1.0
24.0,,VIP,,1.0
34.0,17.217443938184054,Premium,4.0,0.0
61.0,15.430261563020752,Basic,2.0,0.0
37.0,19.33740332436232,VIP,0.0,0.0
53.0,45.66012995446386,Basic,6.0,0.0
26.0,8.493834919495157,VIP,3.0,
55.0,42.29920743138314,VIP,6.0,1.0
39.0,20.70005337688206,VIP,2.0,
19.0,28.47197282051112,Premium,4.0,0.0
41.0,40.75185351418208,Basic,4.0,0.0
25.0,44.796944616033706,VIP,1.0,
28.0,20.515163903269116,Premium,9.0,1.0
30.0,25.782956657379966,,1.0,0.0
34.0,23.653222916755652,Premium,3.0,0.0
25.0,5.596296507675975,VIP,3.0,0.0
38.0,,Basic,3.0,1.0
35.0,25.663515517965283,,5.0,1.0
,23.49921239961979,VIP,1.0,1.0
35.0,37.48681523820557,Premium,5.0,0.0
63.0,22.316162774949646,VIP,6.0,0.0
64.0,27.02194020368016,Premium,9.0,0.0
48.0,24.33238664595635,VIP,,1.0
55.0,38.32817670024667,Premium,7.0,1.0
49.0,43.833757954413315,Basic,1.0,0.0
,28.935008555338136,VIP,7.0,0.0
,40.524448738783605,Basic,4.0,1.0
42.0,18.355400690893276,Basic,1.0,0.0
50.0,29.361632457077093,VIP,6.0,0.0
55.0,20.535347915148762,VIP,1.0,0.0
58.0,23.639041650732363,Premium,5.0,1.0
25.0,37.95862391657008,Premium,9.0,0.0
28.0,44.67481170497207,Basic,2.0,0.0
39.0,10.467292598949443,Premium,8.0,0.0
,33.55876654193212,Premium,2.0,0.0
58.0,31.196471341000933,VIP,,1.0
34.0,10.328676762916935,Premium,4.0,1.0
29.0,14.53524486980491,Basic,6.0,1.0
63.0,18.99511226297061,Premium,,0.0
49.0,12.511898186787565,,6.0,1.0
32.0,15.96782671359538,VIP,8.0,0.0
33.0,,Basic,4.0,1.0
39.0,20.105322486757682,Premium,9.0,0.0
45.0,38.722570376052154,VIP,2.0,1.0
37.0,30.73604917327703,Premium,,1.0
50.0,49.381100237813065,VIP,4.0,1.0
27.0,23.663112213536195,VIP,3.0,0.0
57.0,38.923928322661624,Premium,1.0,0.0
,44.21607896194402,Premium,6.0,0.0
50.0,35.554032186711886,VIP,4.0,1.0
19.0,23.53391331878732,VIP,3.0,0.0
50.0,38.91175838355888,Premium,7.0,0.0
50.0,14.165021199770818,Basic,8.0,0.0
58.0,19.739847433105957,Premium,8.0,
30.0,29.600836479467993,,2.0,0.0
47.0,,Premium,2.0,0.0
50.0,5.996366396268326,Basic,4.0,1.0
30.0,47.53013849402039,,4.0,1.0
43.0,36.348227204782546,,9.0,0.0
,27.306668760435098,Premium,1.0,1.0
56.0,46.990725548373874,VIP,0.0,1.0
19.0,24.759300436287283,VIP,7.0,
,49.11960066216673,Premium,2.0,0.0
56.0,28.052814075956828,VIP,0.0,1.0
43.0,10.142859649909076,VIP,0.0,0.0
63.0,39.41604376066748,Basic,1.0,1.0
32.0,35.55039762850282,Basic,5.0,1.0
51.0,39.7844024587514,Basic,5.0,1.0
59.0,47.814891292655645,Basic,2.0,0.0
61.0,39.942018619295816,VIP,3.0,1.0
,32.510147099749105,Premium,1.0,0.0
28.0,43.57890060623784,VIP,1.0,0.0
20.0,35.29608977095392,VIP,6.0,0.0
23.0,23.36535755716654,VIP,,
26.0,44.852889390879795,Premium,6.0,0.0
23.0,14.98552073529678,Basic,0.0,1.0
26.0,37.15885737089259,VIP,5.0,0.0
56.0,44.670355472334066,VIP,2.0,0.0
48.0,37.909243386648335,Basic,7.0,
49.0,36.37739385742356,VIP,5.0,0.0
58.0,38.86872323323262,Premium,1.0,0.0
29.0,25.927486173528997,VIP,7.0,1.0
25.0,44.33768069706617,VIP,4.0,0.0
25.0,14.154641381124105,Basic,7.0,0.0
45.0,10.732388720015269,VIP,,1.0
37.0,17.84789510533302,VIP,5.0,0.0
64.0,28.92098285487469,,1.0,1.0
24.0,27.975280793420215,,7.0,1.0
28.0,41.9269440954464,Basic,5.0,1.0
37.0,23.20558953818078,Premium,5.0,1.0
33.0,26.79549918311789,VIP,7.0,0.0
21.0,5.601545746672803,Basic,,
23.0,23.438265639932258,Basic,1.0,1.0
39.0,34.1498404827654,VIP,8.0,1.0
43.0,5.697874878196648,VIP,7.0,0.0
20.0,17.639688433380968,,6.0,1.0
58.0,14.358036168022547,VIP,6.0,
,6.88934430093147,,4.0,1.0
31.0,26.566704046154186,VIP,1.0,0.0
28.0,13.177548195267043,,,1.0
35.0,38.4386692834121,Premium,9.0,0.0
29.0,43.156754769350684,VIP,,0.0
40.0,29.55133322011165,Premium,3.0,0.0
29.0,49.17683041345137,,9.0,1.0
30.0,25.27153571617679,Basic,1.0,1.0
42.0,28.101569460121198,Basic,1.0,0.0
,49.514798928098756,VIP,,0.0
36.0,15.419679618427196,VIP,7.0,0.0
63.0,47.414567285460734,Basic,9.0,1.0
53.0,6.927689980360096,VIP,5.0,1.0
,25.087410061843766,Premium,4.0,0.0
25.0,8.15015804598796,Premium,,0.0
46.0,37.81556343111394,Premium,3.0,1.0
49.0,32.3784021146008,Premium,3.0,0.0
61.0,36.79854185604184,Premium,4.0,1.0
35.0,,VIP,0.0,
23.0,21.626687031412114,VIP,0.0,0.0
35.0,7.0393675532402575,Premium,1.0,0.0
,20.74752227883379,VIP,7.0,1.0
39.0,46.817978101792676,VIP,6.0,1.0
54.0,22.065194173120204,Premium,9.0,1.0
49.0,42.41154677998865,VIP,,1.0
,42.90464771374703,VIP,4.0,1.0
20.0,21.795852037065522,VIP,1.0,0.0
45.0,33.43949061782851,Premium,6.0,1.0
27.0,,VIP,7.0,1.0
52.0,9.665536133042442,Basic,6.0,
46.0,7.189594864777099,Basic,6.0,0.0
32.0,31.145679201879926,,4.0,0.0
50.0,24.173193993174365,,1.0,1.0
24.0,29.661456049890806,Premium,,1.0
,28.448293572877454,Basic,3.0,0.0
47.0,20.759134599082863,Basic,9.0,0.0
38.0,,,1.0,
48.0,39.13258464123758,Premium,8.0,0.0
41.0,5.658271649495407,,6.0,1.0
37.0,14.325903489599524,VIP,5.0,0.0
54.0,37.095614063750155,Premium,4.0,1.0
21.0,22.39790776852254,Basic,2.0,1.0
45.0,34.81177761237237,Basic,9.0,0.0
61.0,20.613319688055128,Premium,9.0,0.0
37.0,22.58398185483367,Premium,3.0,
,12.140549316035822,Premium,2.0,
49.0,16.6203958849772,VIP,7.0,1.0
58.0,32.243529087841424,Basic,2.0,1.0
53.0,24.492340009182488,VIP,6.0,1.0
51.0,,VIP,6.0,0.0
53.0,43.366322972225426,Basic,6.0,1.0
19.0,,Basic,6.0,0.0
32.0,39.12202814252266,,1.0,1.0
51.0,18.81070309375565,Premium,,0.0
53.0,23.67370469300352,VIP,2.0,1.0
23.0,37.074995429757394,Premium,9.0,1.0
56.0,22.37953967676638,Premium,8.0,
59.0,,Basic,,1.0
29.0,,Basic,1.0,1.0
,31.98970917367241,Premium,8.0,0.0
62.0,43.768116825210214,Basic,9.0,
35.0,44.08878379205415,Premium,8.0,0.0
,37.59549828482928,Basic,3.0,
38.0,38.55890205842567,Basic,8.0,0.0
32.0,30.106735031781533,Basic,2.0,1.0
50.0,31.310064057462114,Basic,6.0,0.0
52.0,11.01427616347331,Premium,6.0,1.0
43.0,24.97366347895855,VIP,7.0,1.0
25.0,25.28493277488637,Basic,9.0,0.0
53.0,,Premium,3.0,1.0
47.0,24.398908818048024,Premium,,1.0
40.0,29.720419020624092,Basic,,
,28.99631296755961,VIP,4.0,1.0
61.0,33.654277266994725,Basic,0.0,0.0
31.0,38.670477409935316,Premium,,0.0
31.0,15.126884427689246,VIP,,
19.0,28.792598859429607,Premium,5.0,1.0
54.0,42.166296829221366,Basic,2.0,1.0
22.0,,VIP,4.0,1.0
55.0,17.530589586810784,Premium,,1.0
62.0,34.46190839103346,Premium,1.0,0.0
58.0,42.06953281096053,Premium,1.0,1.0
,7.841313181732609,Basic,5.0,0.0
31.0,39.95557175332522,VIP,5.0,1.0
56.0,41.974156983279705,,7.0,1.0
42.0,25.768531741487305,Basic,1.0,1.0
37.0,49.24875455683103,,8.0,1.0
19.0,,VIP,1.0,1.0
56.0,39.81481542030496,Basic,0.0,0.0
23.0,38.65273584854323,Basic,9.0,1.0
